did,group_id,records
paddy_harvestor_45,0,0;0|0;0|0;0|0;0|0;0|0;0|0;0|0;0|0;0|0;0|0;0|0;0|0;0|0;0|0;0|0;0|0;0|0;0|0;0|0;0|0;0|0;0|0;0|0;0|0;0|0;0|0;0|0;0|0;0|0;0|0;0|0;0|0;0|0;0|0;0|0;0|0;0|0;0|0;0|0;0|0;0|0;0|0;0|0;0|0;0|0;0|0;0|0;0|0;0|0;0|0;0|0;0|0;0|0;0|0;0|0;0|0;0|0;0|0;0|0;0|0;0|0;0|0;0|0;0|0;0|0;0|0;0|0;0|0;0|0;0|0;0|0;0|0;0|0;0|0;0|0;0|0;0|0;0|0;0|0;0|0;0|0;0|0;0|0;0|0;0|0;0|0;0|0;0|0;0|0;0|0;0|0;0|0;0|0;0|0;0|0;0|0;0|0;0|0;0|0;0|0;0|0;0|0;0|0;0|0;0|0;0|0;0|0;0|0;0|0;0|0;0|0;0|0;0|0;0|0;0|0;0|0;0|0;0|0;0|0;0|0;0|0;0|0;0|0;0|0;0|0;0|0;0|0;0|0;0|0;0|0;0|0;0|0;0|0;0|0;0|0;0|0;0|0;0|0;0|0;0|0;0|0;0|0;0|0;0|11050;0|11050;0|11050;0|11050;0|11050;0|11050;0|11050;0|11050;0|11050;0|11050;0|11050;0|11050;0|11050;0|11050;0|11050;0|11050;0|11050;0|11050;0|11050;0|11050;0|11050;0|11050;0|11050;0|11050;0|11050;0|11050;0|11050;0|11050;0|11050;0|11050;0|11050;0|11050;0|11050;0|11050;0|11050;0|11050;0|11050;0|11050;0|11050;0|11050;0|11050;0|11050;0|11050;0|11050;0|11050;0|11050;0|11050;0|11050;0|11050;0|11050;0|11050;0|11050;0|11050;0|11050;0|11050;0|11050;0|11050;0|11050;0|11050;0|11050;0|11050;0|11050;0|11050;0|11050;0|11050;0|11050;0|11050;0|11050;0|11050;0|11050;0|11050;0|11050;0|11050;0|11050;0|11050;0|11050;0|11050;0|11050;0|11050;0|11050;0|11050;0|11050;0|11050;0|11050;0|11050;0|11050;0|11050;0|11050;0|11050;0|0;0|0;0|0;0|0;0|0;0|0;0|0;0|0;0|0;0|0;0|0;0|0;0|0;0|0;0|0;0|0;0|0;0|0;0|0;0|0;0|0;0|0;0|0;0|0;0|0;0|0;0|0;0|0;0|0;0|0;0|0;0|0;0|0;0|0;0|0;0|0;0|0;0|0;0|0;0|0;0|0;0|0;0|0;0|0;0|0;0|0;0|0;0|0;0|0;0|0;0|0;0|0;0|0;0|0;0|0;0
paddy_harvestor_7,0,0;0|0;0|0;0|0;0|0;0|0;0|0;0|0;0|0;0|0;0|0;0|0;0|0;0|0;0|0;0|0;0|0;0|0;0|0;0|0;0|0;0|0;0|0;0|0;0|0;0|0;0|0;0|0;0|0;0|0;0|0;0|0;0|0;0|0;0|0;0|0;0|0;0|0;0|0;0|0;0|0;0|0;0|0;0|0;0|0;0|0;0|0;0|0;0|0;0|0;0|0;0|0;0|0;0|0;0|0;0|0;0|0;0|0;0|0;0|0;0|0;0|0;0|0;0|0;0|0;0|0;0|0;0|0;0|0;0|0;0|0;0|0;0|0;0|0;0|0;0|0;0|0;0|0;0|0;0|0;0|0;0|0;0|0;0|0;0|0;0|0;0|0;0|0;0|0;0|0;0|0;0|0;0|0;0|0;0|0;0|0;0|0;0|0;0|0;0|0;0|0;0|0;0|0;0|0;0|0;0|0;0|0;0|0;0|0;0|0;0|0;0|0;0|0;0|0;0|0;0|0;0|0;0|0;0|0;0|0;0|0;0|0;0|0;0|0;0|0;0|0;0|0;0|0;0|0;0|0;0|0;0|0;0|0;0|0;0|0;0|0;0|0;0|0;0|0;0|0;0|0;0|0;0|0;0|0;0|10303;0|10303;0|10303;0|10303;0|10303;0|10303;0|10303;0|10303;0|10303;0|10303;0|10303;0|10303;0|10303;0|10303;0|10303;0|10303;0|10303;0|10303;0|10303;0|10303;0|10303;0|10303;0|10303;0|10303;0|10303;0|10303;0|10303;0|10303;0|10303;0|10303;0|10303;0|10303;0|10303;0|10303;0|10303;0|10303;0|10303;0|10303;0|10303;0|10303;0|10303;0|10303;0|10303;0|10303;0|10303;0|10303;0|10303;0|10303;0|10303;0|10303;0|10303;0|10303;0|10303;0|10303;0|10303;0|10303;0|10303;0|10303;0|10303;0|10303;0|10303;0|10303;0|10303;0|10303;0|10303;0|10303;0|0;0|0;0|0;0|0;0|0;0|0;0|0;0|0;0|0;0|0;0|0;0|0;0|0;0|0;0|0;0|0;0|0;0|0;0|0;0|0;0|0;0|0;0|0;0|0;0|0;0|0;0|0;0|0;0|0;0|0;0|0;0|0;0|0;0|0;0|0;0|0;0|0;0|0;0|0;0|0;0|0;0|0;0|0;0|0;0|0;0|0;0|0;0|0;0|0;0|0;0|0;0|0;0|0;0|0;0|0;0|0;0|0;0|0;0|0;0|0;0|0;0|0;0|0;0|0;0|0;0|0;0|0;0|0;0|0;0|0;0|0;0|0;0|0;0|0;0|0;0|0;0|0;0|0;0
paddy_harvestor_77,0,0;0|0;0|0;0|0;0|0;0|0;0|0;0|0;0|0;0|0;0|0;0|0;0|0;0|0;0|0;0|0;0|0;0|0;0|0;0|0;0|0;0|0;0|0;0|0;0|0;0|0;0|0;0|0;0|0;0|0;0|0;0|0;0|0;0|0;0|0;0|0;0|0;0|0;0|0;0|0;0|0;0|0;0|0;0|0;0|0;0|0;0|0;0|0;0|0;0|0;0|0;0|0;0|0;0|0;0|0;0|0;0|0;0|0;0|0;0|0;0|0;0|0;0|0;0|0;0|0;0|0;0|0;0|0;0|0;0|0;0|0;0|0;0|0;0|0;0|0;0|0;0|0;0|0;0|0;0|0;0|0;0|0;0|0;0|0;0|0;0|0;0|0;0|0;0|0;0|0;0|0;0|0;0|0;0|0;0|0;0|0;0|0;0|0;0|0;0|0;0|0;0|0;0|0;0|0;0|0;0|0;0|0;0|0;0|0;0|0;0|0;0|0;0|0;0|0;0|0;0|0;0|0;0|0;0|0;0|0;0|0;0|0;0|0;0|0;0|0;0|0;0|0;0|0;0|0;0|0;0|0;0|0;0|0;0|0;0|0;0|0;0|0;0|0;0|0;0|0;0|0;0|0;0|0;0|0;0|4563;0|4563;0|4563;0|4563;0|4563;0|4563;0|4563;0|4563;0|4563;0|4563;0|4563;0|4563;0|4563;0|4563;0|4563;0|4563;0|4563;0|4563;0|4563;0|4563;0|4563;0|4563;0|4563;0|4563;0|4563;0|4563;0|4563;0|4563;0|4563;0|4563;0|4563;0|4563;0|4563;0|4563;0|4563;0|4563;0|4563;0|4563;0|4563;0|4563;0|4563;0|4563;0|4563;0|4563;0|4563;0|4563;0|4563;0|4563;0|4563;0|4563;0|4563;0|4563;0|4563;0|4563;0|4563;0|4563;0|4563;0|4563;0|4563;0|4563;0|4563;0|4563;0|4563;0|4563;0|4563;0|4563;0|4563;0|4563;0|4563;0|4563;0|4563;0|4563;0|4563;0|4563;0|4563;0|4563;0|4563;0|4563;0|4563;0|4563;0|4563;0|4563;0|4563;0|4563;0|4563;0|4563;0|4563;0|4563;0|4563;0|4563;0|4563;0|4563;0|4563;0|4563;0|4563;0|4563;0|4563;0|4563;0|4563;0|4563;0|4563;0|4563;0|4563;0|4563;0|4563;0|4563;0|4563;0|4563;0|4563;0|4563;0|4563;0|4563;0|4563;0|4563;0|4563;0|4563;0|4563;0|4563;0|4563;0|4563;0|0;0|0;0|0;0|0;0|0;0|0;0|0;0|0;0|0;0|0;0|0;0|0;0|0;0|0;0|0;0|0;0|0;0|0;0|0;0|0;0|0;0|0;0|0;0|0;0
wheat_1_harvestor_127,0,0;0|0;0|0;0|0;0|0;0|0;0|0;0|0;0|0;0|0;0|0;0|0;0|0;0|0;0|0;0|0;0|0;0|0;0|0;0|0;0|0;0|0;0|0;0|0;0|0;0|0;0|0;0|0;0|0;0|0;0|0;0|0;0|0;0|0;0|0;0|0;0|0;0|0;0|0;0|0;0|0;0|0;0|0;0|0;0|0;0|0;0|0;0|0;0|0;0|0;0|0;0|0;0|0;0|0;0|0;0|0;0|0;0|0;0|0;0|0;0|0;0|0;0|0;0|0;0|0;0|0;0|0;0|0;0|0;0|0;0|0;0|0;0|0;0|0;0|0;0|0;0|0;0|0;0|0;0|0;0|0;0|0;0|0;0|0;0|0;0|0;0|0;0|0;0|0;0|13275;0|13275;0|13275;0|13275;0|13275;0|13275;0|13275;0|13275;0|13275;0|13275;0|13275;0|13275;0|13275;0|13275;0|13275;0|13275;0|13275;0|13275;0|13275;0|13275;0|13275;0|13275;0|13275;0|13275;0|13275;0|13275;0|13275;0|13275;0|13275;0|13275;0|13275;0|13275;0|13275;0|13275;0|13275;0|13275;0|13275;0|13275;0|13275;0|13275;0|13275;0|13275;0|13275;0|13275;0|13275;0|13275;0|13275;0|13275;0|13275;0|13275;0|13275;0|13275;0|13275;0|13275;0|13275;0|13275;0|13275;0|13275;0|13275;0|13275;0|13275;0|13275;0|13275;0|13275;0|13275;0|13275;0|13275;0|13275;0|13275;0|13275;0|13275;0|13275;0|13275;0|13275;0|13275;0|13275;0|13275;0|13275;0|13275;0|13275;0|13275;0|13275;0|13275;0|13275;0|13275;0|13275;0|13275;0|13275;0|13275;0|13275;0|13275;0|13275;0|13275;0|13275;0|13275;0|13275;0|13275;0|13275;0|13275;0|13275;0|13275;0|13275;0|13275;0|13275;0|13275;0|13275;0|13275;0|13275;0|13275;0|13275;0|13275;0|13275;0|13275;0|13275;0|13275;0|13275;0|13275;0|13275;0|13275;0|13275;0|13275;0|13275;0|13275;0|13275;0|13275;0|13275;0|13275;0|13275;0|13275;0|13275;0|13275;0|13275;0|13275;0|13275;0|13275;0|13275;0|13275;0|13275;0|13275;0|13275;0|13275;0|13275;0|13275;0|13275;0|13275;0|13275;0|13275;0|13275;0|13275;0|13275;0|13275;0|13275;0|13275;0|13275;0|13275;0|13275;0|13275;0|0;0|0;0|0;0|0;0|0;0|0;0|0;0|0;0|0;0|0;0|0;0|0;0|0;0|0;0|0;0|0;0|0;0|0;0|0;0|0;0|0;0|0;0|0;0|0;0|0;0|0;0|0;0|0;0|0;0|0;0|0;0|0;0|0;0|0;0|0;0|0;0|0;0|0;0|0;0|0;0|0;0|0;0
paddy_harvestor_62,0,0;0|0;0|0;0|0;0|0;0|0;0|0;0|0;0|0;0|0;0|0;0|0;0|0;0|0;0|0;0|0;0|0;0|0;0|0;0|0;0|0;0|0;0|0;0|0;0|0;0|0;0|0;0|0;0|0;0|0;0|0;0|0;0|0;0|0;0|0;0|0;0|0;0|0;0|0;0|0;0|0;0|0;0|0;0|0;0|0;0|0;0|0;0|0;0|0;0|0;0|0;0|0;0|0;0|0;0|0;0|0;0|0;0|0;0|0;0|0;0|0;0|0;0|0;0|0;0|0;0|0;0|0;0|0;0|0;0|0;0|0;0|0;0|0;0|0;0|0;0|0;0|0;0|0;0|0;0|0;0|0;0|0;0|0;0|0;0|0;0|0;0|0;0|0;0|0;0|0;0|0;0|0;0|0;0|0;0|0;0|0;0|0;0|0;0|0;0|0;0|0;0|0;0|0;0|0;0|0;0|0;0|0;0|0;0|0;0|0;0|0;0|0;0|0;0|0;0|0;0|0;0|0;0|0;0|0;0|0;0|0;0|0;0|0;0|0;0|0;0|0;0|0;0|0;0|0;0|0;0|0;0|0;0|0;0|0;0|0;0|0;0|0;0|0;0|0;0|0;0|0;0|0;0|0;0|0;0|8447;0|8447;0|8447;0|8447;0|8447;0|8447;0|8447;0|8447;0|8447;0|8447;0|8447;0|8447;0|8447;0|8447;0|8447;0|8447;0|8447;0|8447;0|8447;0|8447;0|8447;0|8447;0|8447;0|8447;0|8447;0|8447;0|8447;0|8447;0|8447;0|8447;0|8447;0|8447;0|8447;0|8447;0|8447;0|8447;0|8447;0|8447;0|8447;0|8447;0|8447;0|8447;0|8447;0|8447;0|8447;0|8447;0|8447;0|8447;0|8447;0|8447;0|8447;0|8447;0|8447;0|8447;0|8447;0|8447;0|8447;0|8447;0|8447;0|8447;0|8447;0|8447;0|8447;0|8447;0|8447;0|8447;0|8447;0|8447;0|8447;0|8447;0|8447;0|8447;0|8447;0|8447;0|8447;0|8447;0|8447;0|8447;0|8447;0|8447;0|8447;0|8447;0|8447;0|8447;0|8447;0|8447;0|8447;0|8447;0|8447;0|8447;0|8447;0|8447;0|8447;0|8447;0|8447;0|8447;0|0;0|0;0|0;0|0;0|0;0|0;0|0;0|0;0|0;0|0;0|0;0|0;0|0;0|0;0|0;0|0;0|0;0|0;0|0;0|0;0|0;0|0;0|0;0|0;0|0;0|0;0|0;0|0;0|0;0|0;0|0;0|0;0|0;0|0;0|0;0|0;0|0;0|0;0|0;0|0;0|0;0|0;0|0;0|0;0|0;0|0;0|0;0|0;0
paddy_harvestor_38,0,0;0|0;0|0;0|0;0|0;0|0;0|0;0|0;0|0;0|0;0|0;0|0;0|0;0|0;0|0;0|0;0|0;0|0;0|0;0|0;0|0;0|0;0|0;0|0;0|0;0|0;0|0;0|0;0|0;0|0;0|0;0|0;0|0;0|0;0|0;0|0;0|0;0|0;0|0;0|0;0|0;0|0;0|0;0|0;0|0;0|0;0|0;0|0;0|0;0|0;0|0;0|0;0|0;0|0;0|0;0|0;0|0;0|0;0|0;0|0;0|0;0|0;0|0;0|0;0|0;0|0;0|0;0|0;0|0;0|0;0|0;0|0;0|0;0|0;0|0;0|0;0|0;0|0;0|0;0|0;0|0;0|0;0|0;0|0;0|0;0|0;0|0;0|0;0|0;0|0;0|0;0|0;0|0;0|0;0|0;0|0;0|0;0|0;0|0;0|0;0|0;0|0;0|0;0|0;0|0;0|0;0|0;0|0;0|0;0|0;0|0;0|0;0|0;0|0;0|0;0|0;0|0;0|0;0|0;0|0;0|0;0|0;0|0;0|0;0|0;0|0;0|0;0|0;0|0;0|0;0|0;0|0;0|0;0|0;0|0;0|0;0|0;0|0;0|0;0|0;0|0;0|0;0|0;0|0;0|8445;0|8445;0|8445;0|8445;0|8445;0|8445;0|8445;0|8445;0|8445;0|8445;0|8445;0|8445;0|8445;0|8445;0|8445;0|8445;0|8445;0|8445;0|8445;0|8445;0|8445;0|8445;0|8445;0|8445;0|8445;0|8445;0|8445;0|8445;0|8445;0|8445;0|8445;0|8445;0|8445;0|8445;0|8445;0|8445;0|8445;0|8445;0|8445;0|8445;0|8445;0|8445;0|8445;0|8445;0|8445;0|8445;0|8445;0|8445;0|8445;0|8445;0|8445;0|8445;0|8445;0|8445;0|8445;0|8445;0|8445;0|8445;0|8445;0|8445;0|8445;0|8445;0|8445;0|8445;0|8445;0|8445;0|8445;0|8445;0|8445;0|8445;0|8445;0|8445;0|8445;0|8445;0|8445;0|8445;0|8445;0|8445;0|8445;0|8445;0|8445;0|8445;0|8445;0|8445;0|8445;0|8445;0|8445;0|8445;0|8445;0|8445;0|8445;0|8445;0|8445;0|8445;0|8445;0|8445;0|0;0|0;0|0;0|0;0|0;0|0;0|0;0|0;0|0;0|0;0|0;0|0;0|0;0|0;0|0;0|0;0|0;0|0;0|0;0|0;0|0;0|0;0|0;0|0;0|0;0|0;0|0;0|0;0|0;0|0;0|0;0|0;0|0;0|0;0|0;0|0;0|0;0|0;0|0;0|0;0|0;0|0;0|0;0|0;0|0;0|0;0|0;0|0;0
corn_harvestor_113,0,13263;0|13263;0|13263;0|13263;0|13263;0|13263;0|13263;0|13263;0|13263;0|13263;0|13263;0|13263;0|13263;0|13263;0|13263;0|13263;0|13263;0|13263;0|13263;0|13263;0|13263;0|13263;0|13263;0|13263;0|13263;0|13263;0|13263;0|13263;0|13263;0|13263;0|13263;0|13263;0|13263;0|13263;0|13263;0|13263;0|13263;0|13263;0|13263;0|13263;0|13263;0|13263;0|13263;0|13263;0|13263;0|13263;0|13263;0|13263;0|13263;0|13263;0|13263;0|13263;0|13263;0|13263;0|13263;0|13263;0|13263;0|13263;0|13263;0|13263;0|13263;0|13263;0|13263;0|13263;0|13263;0|13263;0|13263;0|13263;0|13263;0|13263;0|13263;0|13263;0|13263;0|13263;0|13263;0|13263;0|13263;0|13263;0|13263;0|13263;0|13263;0|13263;0|13263;0|13263;0|13263;0|13263;0|13263;0|13263;0|13263;0|13263;0|13263;0|13263;0|13263;0|13263;0|13263;0|13263;0|13263;0|13263;0|13263;0|13263;0|13263;0|13263;0|13263;0|13263;0|13263;0|13263;0|13263;0|13263;0|13263;0|13263;0|13263;0|13263;0|13263;0|13263;0|13263;0|13263;0|13263;0|13263;0|13263;0|13263;0|13263;0|13263;0|13263;0|13263;0|13263;0|13263;0|13263;0|13263;0|13263;0|13263;0|13263;0|13263;0|13263;0|13263;0|13263;0|13263;0|13263;0|13263;0|13263;0|13263;0|13263;0|13263;0|13263;0|13263;0|13263;0|13263;0|13263;0|13263;0|13263;0|13263;0|13263;0|13263;0|13263;0|13263;0|13263;0|13263;0|13263;0|13263;0|13263;0|13263;0|13263;0|13263;0|13263;0|13263;0|13263;0|13263;0|13263;0|13263;0|13263;0|13263;0|13263;0|13263;0|13263;0|13263;0|13263;0|13263;0|13263;0|13263;0|13263;0|13263;0|13263;0|13263;0|13263;0|13263;0|13263;0|13263;0|13263;0|13263;0|13263;0|13263;0|13263;0|13263;0|13263;0|13263;0|13263;0|13263;0|13263;0|13263;0|13263;0|13263;0|13263;0|13263;0|13263;0|13263;0|13263;0|13263;0|13263;0|13263;0|13263;0|13263;0|13263;0|13263;0|13263;0|13263;0|13263;0|13263;0|13263;0|13263;0|13263;0|13263;0|13263;0|13263;0|13263;0|13263;0|13263;0|13263;0|13263;0|13263;0|13263;0|13263;0|13263;0|13263;0|13263;0|13263;0|13263;0|13263;0|13263;0|0;0|0;0|0;0|0;0|0;0|0;0|0;0|0;0|0;0|0;0|0;0|0;0|0;0|0;0|0;0|0;0|0;0|0;0|0;0|0;0|0;0|0;0|0;0|0;0|0;0|0;0|0;0|0;0|0;0|0;0|0;0|0;0|0;0|0;0|0;0|0;0|0;0|0;0|0;0|0;0|0;0|0;0|0;0|0;0|0;0|0;0|0;0|0;0|0;0|0;0|0;0
corn_harvestor_105,0,0;0|0;0|0;0|0;0|0;0|0;0|0;0|0;0|0;0|0;0|0;0|0;0|0;0|0;0|0;0|0;0|0;0|0;0|0;0|0;0|0;0|0;0|0;0|0;0|0;0|0;0|0;0|0;0|0;0|0;0|0;0|0;0|0;0|0;0|0;0|0;0|0;0|0;0|0;0|0;0|0;0|0;0|0;0|0;0|0;0|0;0|0;0|0;0|0;0|0;0|0;0|0;0|0;0|0;0|0;0|0;0|0;0|0;0|0;0|0;0|0;0|0;0|0;0|0;0|0;0|0;0|0;0|0;0|0;0|0;0|0;0|0;0|0;0|0;0|0;0|0;0|0;0|0;0|0;0|0;0|0;0|0;0|0;0|0;0|0;0|0;0|0;0|0;0|0;0|0;0|0;0|0;0|15286;0|15286;0|15286;0|15286;0|15286;0|15286;0|15286;0|15286;0|15286;0|15286;0|15286;0|15286;0|15286;0|15286;0|15286;0|15286;0|15286;0|15286;0|15286;0|15286;0|15286;0|15286;0|15286;0|15286;0|15286;0|15286;0|15286;0|15286;0|15286;0|15286;0|15286;0|15286;0|15286;0|15286;0|15286;0|15286;0|15286;0|15286;0|15286;0|15286;0|15286;0|15286;0|15286;0|15286;0|15286;0|15286;0|15286;0|15286;0|15286;0|15286;0|15286;0|15286;0|15286;0|15286;0|15286;0|15286;0|15286;0|15286;0|15286;0|15286;0|15286;0|15286;0|15286;0|15286;0|15286;0|15286;0|15286;0|15286;0|15286;0|15286;0|15286;0|15286;0|15286;0|15286;0|15286;0|15286;0|15286;0|15286;0|15286;0|15286;0|15286;0|15286;0|15286;0|15286;0|15286;0|15286;0|15286;0|15286;0|15286;0|15286;0|15286;0|15286;0|15286;0|15286;0|15286;0|15286;0|15286;0|15286;0|15286;0|15286;0|15286;0|15286;0|15286;0|15286;0|15286;0|15286;0|15286;0|15286;0|15286;0|0;0|0;0|0;0|0;0|0;0|0;0|0;0|0;0|0;0|0;0|0;0|0;0|0;0|0;0|0;0|0;0|0;0|0;0|0;0|0;0|0;0|0;0|0;0|0;0|0;0|0;0|0;0|0;0|0;0|0;0|0;0|0;0|0;0|0;0|0;0|0;0|0;0|0;0|0;0|0;0|0;0|0;0|0;0|0;0|0;0|0;0|0;0|0;0|0;0|0;0|0;0|0;0|0;0|0;0|0;0|0;0|0;0|0;0|0;0|0;0|0;0|0;0|0;0|0;0|0;0|0;0|0;0|0;0|0;0|0;0|0;0|0;0|0;0|0;0|0;0|0;0|0;0|0;0|0;0|0;0|0;0|0;0|0;0|0;0|0;0|0;0|0;0
paddy_harvestor_13,0,0;0|0;0|0;0|0;0|0;0|0;0|0;0|0;0|0;0|0;0|0;0|0;0|0;0|0;0|0;0|0;0|0;0|0;0|0;0|0;0|0;0|0;0|0;0|0;0|0;0|0;0|0;0|0;0|0;0|0;0|0;0|0;0|0;0|0;0|0;0|0;0|0;0|0;0|0;0|0;0|0;0|0;0|0;0|0;0|0;0|0;0|0;0|0;0|0;0|0;0|0;0|0;0|0;0|0;0|0;0|0;0|0;0|0;0|0;0|0;0|0;0|0;0|0;0|0;0|0;0|0;0|0;0|0;0|0;0|0;0|0;0|0;0|0;0|0;0|0;0|0;0|0;0|0;0|0;0|0;0|0;0|0;0|0;0|0;0|0;0|0;0|0;0|0;0|0;0|0;0|0;0|0;0|0;0|0;0|0;0|0;0|0;0|0;0|0;0|0;0|0;0|0;0|0;0|0;0|0;0|0;0|0;0|0;0|0;0|0;0|0;0|0;0|0;0|0;0|0;0|0;0|0;0|0;0|0;0|0;0|0;0|0;0|0;0|0;0|0;0|0;0|0;0|0;0|0;0|0;0|0;0|0;0|0;0|0;0|0;0|0;0|0;0|0;0|0;0|0;0|0;0|0;0|0;0|0;0|10678;0|10678;0|10678;0|10678;0|10678;0|10678;0|10678;0|10678;0|10678;0|10678;0|10678;0|10678;0|10678;0|10678;0|10678;0|10678;0|10678;0|10678;0|10678;0|10678;0|10678;0|10678;0|10678;0|10678;0|10678;0|10678;0|10678;0|10678;0|10678;0|10678;0|10678;0|10678;0|10678;0|10678;0|10678;0|10678;0|10678;0|10678;0|10678;0|10678;0|10678;0|10678;0|10678;0|10678;0|10678;0|10678;0|10678;0|10678;0|10678;0|10678;0|10678;0|10678;0|10678;0|10678;0|10678;0|10678;0|10678;0|10678;0|10678;0|10678;0|10678;0|10678;0|10678;0|10678;0|10678;0|10678;0|10678;0|10678;0|10678;0|10678;0|10678;0|10678;0|10678;0|10678;0|10678;0|10678;0|10678;0|10678;0|10678;0|10678;0|10678;0|10678;0|10678;0|10678;0|10678;0|10678;0|10678;0|10678;0|10678;0|10678;0|10678;0|10678;0|10678;0|10678;0|10678;0|10678;0|10678;0|10678;0|10678;0|10678;0|10678;0|10678;0|10678;0|10678;0|10678;0|10678;0|10678;0|10678;0|10678;0|10678;0|10678;0|10678;0|10678;0|10678;0|10678;0|10678;0|10678;0|10678;0|10678;0|10678;0|10678;0|10678;0|10678;0|10678;0|10678;0|10678;0|10678;0|10678;0|10678;0|10678;0|10678;0|10678;0|10678;0|10678;0|10678;0|10678;0|10678;0|10678;0|10678;0|10678;0|10678;0|10678;0|10678;0|10678;0
paddy_harvestor_34,0,0;0|0;0|0;0|0;0|0;0|0;0|0;0|0;0|0;0|0;0|0;0|0;0|0;0|0;0|0;0|0;0|0;0|0;0|0;0|0;0|0;0|0;0|0;0|0;0|0;0|0;0|0;0|0;0|0;0|0;0|0;0|0;0|0;0|0;0|0;0|0;0|0;0|0;0|0;0|0;0|0;0|0;0|0;0|0;0|0;0|0;0|0;0|0;0|0;0|0;0|0;0|0;0|0;0|0;0|0;0|0;0|0;0|0;0|0;0|0;0|0;0|0;0|0;0|0;0|0;0|0;0|0;0|0;0|0;0|0;0|0;0|0;0|0;0|0;0|0;0|0;0|0;0|0;0|0;0|0;0|0;0|0;0|0;0|0;0|0;0|0;0|0;0|0;0|0;0|0;0|0;0|0;0|0;0|0;0|0;0|0;0|0;0|0;0|0;0|0;0|0;0|0;0|0;0|0;0|0;0|0;0|0;0|0;0|0;0|0;0|0;0|0;0|0;0|0;0|0;0|0;0|0;0|0;0|0;0|0;0|0;0|0;0|0;0|0;0|0;0|0;0|0;0|0;0|0;0|0;0|0;0|0;0|0;0|0;0|0;0|0;0|0;0|0;0|0;0|0;0|0;0|0;0|0;0|0;0|0;0|0;0|0;0|0;0|0;0|0;0|0;0|0;0|0;0|0;0|0;0|0;0|0;0|0;0|0;0|0;0|0;0|0;0|0;0|0;0|0;0|0;0|0;0|0;0|0;0|0;0|0;0|0;0|0;0|0;0|0;0|0;0|0;0|0;0|0;0|0;0|0;0|0;0|0;0|0;0|0;0|0;0|0;0|0;0|0;0|0;0|0;0|0;0|0;0|0;0|0;0|0;0|0;0|4012;0|4012;0|4012;0|4012;0|4012;0|4012;0|4012;0|4012;0|0;0|0;0|0;0|0;0|0;0|0;0|0;0|0;0|0;0|0;0|0;0|0;0|0;0|0;0|0;0|0;0|0;0|0;0|0;0|0;0|0;0|0;0|0;0|0;0|0;0|0;0|0;0|0;0|0;0|0;0|0;0|0;0|0;0|0;0|0;0|0;0|0;0|0;0|0;0|0;0|0;0|0;0|0;0|0;0|0;0|0;0|0;0|0;0|0;0|0;0|0;0|0;0|0;0|0;0|0;0|0;0|0;0|0;0|0;0|0;0|0;0|0;0|0;0|0;0|0;0|0;0|0;0|0;0|0;0|0;0|0;0|0;0|0;0|0;0|0;0|0;0|0;0|0;0|0;0|0;0|0;0|0;0|0;0
wheat_1_harvestor_130,0,0;0|0;0|0;0|0;0|0;0|0;0|0;0|0;0|0;0|0;0|0;0|0;0|0;0|0;0|0;0|0;0|0;0|0;0|0;0|0;0|0;0|0;0|0;0|0;0|0;0|0;0|0;0|0;0|0;0|0;0|0;0|0;0|0;0|0;0|0;0|0;0|0;0|0;0|0;0|0;0|0;0|0;0|0;0|0;0|0;0|0;0|0;0|0;0|0;0|0;0|0;0|0;0|0;0|0;0|0;0|0;0|0;0|0;0|0;0|0;0|0;0|0;0|0;0|0;0|0;0|0;0|0;0|0;0|0;0|0;0|0;0|0;0|0;0|0;0|0;0|0;0|0;0|0;0|0;0|0;0|0;0|0;0|0;0|0;0|0;0|0;0|0;0|0;0|0;0|0;0|0;0|0;0|0;0|0;0|12720;0|12720;0|12720;0|12720;0|12720;0|12720;0|12720;0|12720;0|12720;0|12720;0|12720;0|12720;0|12720;0|12720;0|12720;0|12720;0|12720;0|12720;0|12720;0|12720;0|12720;0|12720;0|12720;0|12720;0|12720;0|12720;0|12720;0|12720;0|12720;0|12720;0|12720;0|12720;0|12720;0|12720;0|12720;0|12720;0|12720;0|12720;0|12720;0|12720;0|12720;0|12720;0|12720;0|12720;0|12720;0|12720;0|12720;0|12719;0|12719;0|12719;0|12720;0|12720;0|12720;0|12719;0|12720;0|12720;0|12720;0|12720;0|12720;0|12720;0|12720;0|12720;0|12720;0|12720;0|12720;0|12720;0|12720;0|12720;0|12720;0|12720;0|12720;0|12720;0|12720;0|12720;0|12720;0|12720;0|12720;0|12720;0|12720;0|12720;0|12720;0|12720;0|12720;0|12720;0|12720;0|12720;0|12720;0|12720;0|12720;0|12720;0|12720;0|12720;0|12720;0|12720;0|12720;0|12720;0|12720;0|12720;0|12720;0|12720;0|12720;0|12720;0|12720;0|12720;0|12720;0|12720;0|12720;0|12720;0|12720;0|12719;0|12719;0|12719;0|12719;0|12719;0|12719;0|12720;0|12720;0|12720;0|12720;0|12720;0|12720;0|12720;0|12720;0|12720;0|12720;0|12720;0|12720;0|12720;0|12720;0|12720;0|12720;0|12720;0|12720;0|12720;0|12720;0|12720;0|12720;0|12720;0|12720;0|12720;0|12720;0|12720;0|12720;0|12720;0|12720;0|12719;0|12720;0|12720;0|12720;0|12720;0|12720;0|12720;0|12720;0|12719;0|12719;0|12719;0|12719;0|12719;0|12719;0|12719;0|12720;0|12720;0|12720;0|12720;0|12720;0|12720;0|12720;0|12720;0|12720;0|12720;0|12720;0|12720;0|12720;0|12720;0|12720;0|12720;0|12720;0|12720;0|12720;0|12720;0|12720;0|12720;0|12720;0|12720;0|12720;0|12720;0|12720;0|12720;0|12720;0|12720;0|12720;0|12720;0|12720;0|12720;0
corn_harvestor_110,0,0;0|0;0|0;0|0;0|0;0|0;0|0;0|0;0|0;0|0;0|0;0|0;0|0;0|0;0|0;0|0;0|0;0|0;0|0;0|0;0|0;0|0;0|0;0|0;0|0;0|0;0|0;0|0;0|0;0|0;0|0;0|0;0|0;0|0;0|0;0|0;0|0;0|0;0|0;0|0;0|0;0|0;0|0;0|0;0|0;0|0;0|0;0|0;0|0;0|0;0|0;0|0;0|0;0|0;0|0;0|0;0|0;0|0;0|0;0|0;0|0;0|0;0|0;0|0;0|0;0|0;0|0;0|0;0|0;0|0;0|0;0|0;0|0;0|0;0|0;0|0;0|0;0|0;0|0;0|0;0|0;0|0;0|0;0|0;0|0;0|0;0|0;0|0;0|0;0|0;0|0;0|0;0|0;0|0;0|0;0|0;0|0;0|0;0|0;0|0;0|0;0|0;0|0;0|0;0|0;0|0;0|0;0|14164;0|14164;0|14164;0|14164;0|14164;0|14164;0|14164;0|14164;0|14164;0|14164;0|14164;0|14164;0|14164;0|14164;0|14164;0|14164;0|14164;0|14164;0|14164;0|14164;0|14164;0|14164;0|14164;0|14164;0|14164;0|14164;0|14164;0|14164;0|14164;0|14164;0|14164;0|14164;0|14164;0|14164;0|14164;0|14164;0|14164;0|14164;0|14164;0|14164;0|14164;0|14164;0|14164;0|14164;0|14164;0|14164;0|14164;0|14164;0|14164;0|14164;0|14164;0|14164;0|14164;0|14164;0|14164;0|14164;0|14164;0|14164;0|14164;0|14164;0|14164;0|14164;0|14164;0|14164;0|14164;0|14164;0|14164;0|14164;0|14164;0|14164;0|14164;0|14164;0|14164;0|14164;0|14164;0|14164;0|14164;0|14164;0|14164;0|14164;0|14164;0|14164;0|14164;0|14164;0|14164;0|14164;0|14164;0|14164;0|14164;0|14164;0|14164;0|14164;0|14164;0|14164;0|14164;0|14164;0|14164;0|14164;0|14164;0|14164;0|14164;0|14164;0|14164;0|14164;0|14164;0|14164;0|14164;0|14164;0|14164;0|14164;0|14164;0|14164;0|14164;0|14164;0|14164;0|14164;0|14164;0|14164;0|14164;0|14164;0|14164;0|14164;0|14164;0|14164;0|14164;0|14164;0|14164;0|14164;0|14164;0|14164;0|14164;0|14164;0|14164;0|14164;0|14164;0|14164;0|0;0|0;0|0;0|0;0|0;0|0;0|0;0|0;0|0;0|0;0|0;0|0;0|0;0|0;0|0;0|0;0|0;0|0;0|0;0|0;0|0;0|0;0|0;0|0;0|0;0|0;0|0;0|0;0|0;0|0;0|0;0|0;0|0;0|0;0|0;0|0;0|0;0|0;0|0;0|0;0|0;0|0;0|0;0|0;0|0;0
paddy_harvestor_76,0,0;0|0;0|0;0|0;0|0;0|0;0|0;0|0;0|0;0|0;0|0;0|0;0|0;0|0;0|0;0|0;0|0;0|0;0|0;0|0;0|0;0|0;0|0;0|0;0|0;0|0;0|0;0|0;0|0;0|0;0|0;0|0;0|0;0|0;0|0;0|0;0|0;0|0;0|0;0|0;0|0;0|0;0|0;0|0;0|0;0|0;0|0;0|0;0|0;0|0;0|0;0|0;0|0;0|0;0|0;0|0;0|0;0|0;0|0;0|0;0|0;0|0;0|0;0|0;0|0;0|0;0|0;0|0;0|0;0|0;0|0;0|0;0|0;0|0;0|0;0|0;0|0;0|0;0|0;0|0;0|0;0|0;0|0;0|0;0|0;0|0;0|0;0|0;0|0;0|0;0|0;0|0;0|0;0|0;0|0;0|0;0|0;0|0;0|0;0|0;0|0;0|0;0|0;0|0;0|0;0|0;0|0;0|0;0|0;0|0;0|0;0|0;0|0;0|0;0|0;0|0;0|0;0|0;0|0;0|0;0|0;0|0;0|0;0|0;0|0;0|0;0|0;0|0;0|0;0|0;0|0;0|0;0|0;0|0;0|0;0|0;0|0;0|0;0|0;0|0;0|0;0|0;0|0;0|0;0|7891;0|7891;0|7891;0|7891;0|7891;0|7891;0|7891;0|7891;0|7891;0|7891;0|7891;0|7891;0|7891;0|7891;0|7891;0|7891;0|7891;0|7891;0|7891;0|7891;0|7891;0|7891;0|7891;0|7891;0|7891;0|7891;0|7891;0|7891;0|7891;0|7891;0|7891;0|7891;0|7891;0|7891;0|7891;0|7891;0|7891;0|7891;0|7891;0|7891;0|7891;0|7891;0|7891;0|7891;0|7891;0|7891;0|7891;0|7891;0|7891;0|7891;0|7891;0|7891;0|7891;0|7891;0|7891;0|7891;0|7891;0|7891;0|7891;0|7891;0|7891;0|7891;0|7891;0|7891;0|7891;0|7891;0|7891;0|7891;0|7891;0|7891;0|7891;0|7891;0|7891;0|7891;0|7891;0|7891;0|7891;0|7891;0|7891;0|7891;0|7891;0|7891;0|7891;0|7891;0|7891;0|7891;0|7891;0|7891;0|7891;0|7891;0|7891;0|7891;0|7891;0|7891;0|7891;0|7891;0|7891;0|7891;0|7891;0|7891;0|7891;0|7891;0|7891;0|7891;0|7891;0|7891;0|7891;0|7891;0|7891;0|7891;0|7891;0|7891;0|7891;0|7891;0|7891;0|7891;0|7891;0|7891;0|7891;0|7891;0|7891;0|7891;0|7891;0|0;0|0;0|0;0|0;0|0;0|0;0|0;0|0;0|0;0|0;0|0;0|0;0|0;0|0;0|0;0|0;0|0;0|0;0|0;0|0;0|0;0
corn_harvestor_114,0,0;0|0;0|0;0|0;0|0;0|0;0|0;0|0;0|0;0|0;0|0;0|0;0|0;0|0;0|0;0|0;0|0;0|0;0|0;0|0;0|0;0|0;0|0;0|0;0|0;0|0;0|0;0|0;0|0;0|0;0|0;0|0;0|0;0|0;0|0;0|0;0|0;0|0;0|0;0|0;0|0;0|0;0|0;0|0;0|0;0|0;0|0;0|0;0|0;0|0;0|0;0|0;0|0;0|0;0|0;0|0;0|0;0|0;0|0;0|0;0|0;0|0;0|0;0|0;0|0;0|0;0|0;0|0;0|0;0|0;0|0;0|0;0|0;0|0;0|0;0|0;0|0;0|12338;0|12338;0|12338;0|12338;0|12338;0|12338;0|12338;0|12338;0|12338;0|12338;0|12338;0|12338;0|12338;0|12338;0|12338;0|12338;0|12338;0|12338;0|12338;0|12338;0|12338;0|12338;0|12338;0|12338;0|12338;0|12338;0|12338;0|12338;0|12338;0|12338;0|12338;0|12338;0|12338;0|12338;0|12338;0|12338;0|12338;0|12338;0|12338;0|12338;0|12338;0|12338;0|12338;0|12338;0|12338;0|12338;0|12338;0|12338;0|12338;0|12338;0|12338;0|12338;0|12338;0|12338;0|12338;0|12338;0|12338;0|12338;0|12338;0|12338;0|12338;0|12338;0|12338;0|12338;0|12338;0|12338;0|12338;0|12338;0|12338;0|12338;0|12338;0|12338;0|12338;0|12338;0|12338;0|12338;0|12338;0|12338;0|12338;0|12338;0|12338;0|12338;0|12338;0|12338;0|12338;0|12338;0|12338;0|12338;0|12338;0|12338;0|12338;0|12338;0|12338;0|12338;0|12338;0|12338;0|12338;0|12338;0|12338;0|12338;0|12338;0|12338;0|12338;0|12338;0|12338;0|12338;0|12338;0|12338;0|12338;0|12338;0|12338;0|12338;0|12338;0|12338;0|12338;0|12338;0|12338;0|12338;0|12338;0|12338;0|12338;0|12338;0|12338;0|12338;0|12338;0|12338;0|12338;0|12338;0|12338;0|12338;0|12338;0|12338;0|12338;0|12338;0|12338;0|12338;0|12338;0|12338;0|12338;0|12338;0|12338;0|12338;0|12338;0|12338;0|12338;0|12338;0|0;0|0;0|0;0|0;0|0;0|0;0|0;0|0;0|0;0|0;0|0;0|0;0|0;0|0;0|0;0|0;0|0;0|0;0|0;0|0;0|0;0|0;0|0;0|0;0|0;0|0;0|0;0|0;0|0;0|0;0|0;0|0;0|0;0|0;0|0;0|0;0|0;0|0;0|0;0|0;0|0;0|0;0|0;0|0;0|0;0|0;0|0;0|0;0|0;0|0;0|0;0|0;0|0;0|0;0|0;0|0;0|0;0|0;0|0;0|0;0|0;0|0;0|0;0|0;0|0;0
paddy_harvestor_73,0,0;0|0;0|0;0|0;0|0;0|0;0|0;0|0;0|0;0|0;0|0;0|0;0|0;0|0;0|0;0|0;0|0;0|0;0|0;0|0;0|0;0|0;0|0;0|0;0|0;0|0;0|0;0|0;0|0;0|0;0|0;0|0;0|0;0|0;0|0;0|0;0|0;0|0;0|0;0|0;0|0;0|0;0|0;0|0;0|0;0|0;0|0;0|0;0|0;0|0;0|0;0|0;0|0;0|0;0|0;0|0;0|0;0|0;0|0;0|0;0|0;0|0;0|0;0|0;0|0;0|0;0|0;0|0;0|0;0|0;0|0;0|0;0|0;0|0;0|0;0|0;0|0;0|0;0|0;0|0;0|0;0|0;0|0;0|0;0|0;0|0;0|0;0|0;0|0;0|0;0|0;0|0;0|0;0|0;0|0;0|0;0|0;0|0;0|0;0|0;0|0;0|0;0|0;0|0;0|0;0|0;0|0;0|0;0|0;0|0;0|0;0|0;0|0;0|0;0|0;0|0;0|0;0|0;0|0;0|0;0|0;0|0;0|0;0|0;0|0;0|0;0|0;0|0;0|0;0|0;0|0;0|0;0|0;0|0;0|0;0|0;0|0;0|0;0|0;0|0;0|0;0|0;0|0;0|0;0|8447;0|8447;0|8447;0|8447;0|8447;0|8447;0|8447;0|8447;0|8447;0|8447;0|8447;0|8447;0|8447;0|8447;0|8447;0|8447;0|8447;0|8447;0|8447;0|8447;0|8447;0|8447;0|8447;0|8447;0|8447;0|8447;0|8447;0|8447;0|8447;0|8447;0|8447;0|8447;0|8447;0|8447;0|8447;0|8447;0|8447;0|8447;0|8447;0|8447;0|8447;0|8447;0|8447;0|8447;0|0;0|0;0|0;0|0;0|0;0|0;0|0;0|0;0|0;0|0;0|0;0|0;0|0;0|0;0|0;0|0;0|0;0|0;0|0;0|0;0|0;0|0;0|0;0|0;0|0;0|0;0|0;0|0;0|0;0|0;0|0;0|0;0|0;0|0;0|0;0|0;0|0;0|0;0|0;0|0;0|0;0|0;0|0;0|0;0|0;0|0;0|0;0|0;0|0;0|0;0|0;0|0;0|0;0|0;0|0;0|0;0|0;0|0;0|0;0|0;0|0;0|0;0|0;0|0;0|0;0|0;0|0;0|0;0|0;0|0;0|0;0|0;0|0;0|0;0|0;0|0;0|0;0|0;0|0;0|0;0|0;0|0;0|0;0|0;0|0;0|0;0|0;0|0;0|0;0|0;0|0;0|0;0|0;0|0;0|0;0|0;0|0;0|0;0|0;0|0;0
paddy_harvestor_65,0,0;0|0;0|0;0|0;0|0;0|0;0|0;0|0;0|0;0|0;0|0;0|0;0|0;0|0;0|0;0|0;0|0;0|0;0|0;0|0;0|0;0|0;0|0;0|0;0|0;0|0;0|0;0|0;0|0;0|0;0|0;0|0;0|0;0|0;0|0;0|0;0|0;0|0;0|0;0|0;0|0;0|0;0|0;0|0;0|0;0|0;0|0;0|0;0|0;0|0;0|0;0|0;0|0;0|0;0|0;0|0;0|0;0|0;0|0;0|0;0|0;0|0;0|0;0|0;0|0;0|0;0|0;0|0;0|0;0|0;0|0;0|0;0|0;0|0;0|0;0|0;0|0;0|0;0|0;0|0;0|0;0|0;0|0;0|0;0|0;0|0;0|0;0|0;0|0;0|0;0|0;0|0;0|0;0|0;0|0;0|0;0|0;0|0;0|0;0|0;0|0;0|0;0|0;0|0;0|0;0|0;0|0;0|0;0|0;0|0;0|0;0|0;0|0;0|0;0|0;0|0;0|0;0|0;0|0;0|0;0|0;0|0;0|0;0|0;0|0;0|0;0|0;0|0;0|0;0|0;0|0;0|0;0|0;0|0;0|0;0|0;0|0;0|0;0|0;0|0;0|0;0|0;0|0;0|0;0|11054;0|11054;0|11054;0|11054;0|11054;0|11054;0|11054;0|11054;0|11054;0|11054;0|11054;0|11054;0|11054;0|11054;0|11054;0|11054;0|11054;0|11054;0|11054;0|11054;0|11054;0|11054;0|11054;0|11054;0|11054;0|11054;0|11054;0|11054;0|11054;0|11054;0|11054;0|11054;0|11054;0|11054;0|11054;0|11054;0|11054;0|11054;0|11054;0|11054;0|11054;0|11054;0|11054;0|11054;0|11054;0|11054;0|11054;0|11054;0|11054;0|11054;0|11054;0|11054;0|11054;0|11054;0|11054;0|11054;0|11054;0|11054;0|11054;0|11054;0|11054;0|11054;0|11054;0|11054;0|11054;0|11054;0|11054;0|11054;0|11054;0|11054;0|11054;0|11054;0|11054;0|11054;0|11054;0|11054;0|11054;0|11054;0|11054;0|11054;0|11054;0|11054;0|11054;0|11054;0|11054;0|11054;0|11054;0|11054;0|11054;0|11054;0|11054;0|11054;0|11054;0|11054;0|11054;0|11054;0|11054;0|0;0|0;0|0;0|0;0|0;0|0;0|0;0|0;0|0;0|0;0|0;0|0;0|0;0|0;0|0;0|0;0|0;0|0;0|0;0|0;0|0;0|0;0|0;0|0;0|0;0|0;0|0;0|0;0|0;0|0;0|0;0|0;0|0;0|0;0|0;0|0;0|0;0|0;0|0;0|0;0|0;0|0;0|0;0|0;0|0;0|0;0|0;0
paddy_harvestor_15,0,0;0|0;0|0;0|0;0|0;0|0;0|0;0|0;0|0;0|0;0|0;0|0;0|0;0|0;0|0;0|0;0|0;0|0;0|0;0|0;0|0;0|0;0|0;0|0;0|0;0|0;0|0;0|0;0|0;0|0;0|0;0|0;0|0;0|0;0|0;0|0;0|0;0|0;0|0;0|0;0|0;0|0;0|0;0|0;0|0;0|0;0|0;0|0;0|0;0|0;0|0;0|0;0|0;0|0;0|0;0|0;0|0;0|0;0|0;0|0;0|0;0|0;0|0;0|0;0|0;0|0;0|0;0|0;0|0;0|0;0|0;0|0;0|0;0|0;0|0;0|0;0|0;0|0;0|0;0|0;0|0;0|0;0|0;0|0;0|0;0|0;0|0;0|0;0|0;0|0;0|0;0|0;0|0;0|0;0|0;0|0;0|0;0|0;0|0;0|0;0|0;0|0;0|0;0|0;0|0;0|0;0|0;0|0;0|0;0|0;0|0;0|0;0|0;0|0;0|0;0|0;0|0;0|0;0|0;0|0;0|0;0|0;0|0;0|0;0|0;0|0;0|0;0|0;0|0;0|0;0|0;0|0;0|0;0|0;0|0;0|0;0|0;0|0;0|0;0|0;0|0;0|0;0|0;0|0;0|0;0|0;0|0;0|0;0|7904;0|7904;0|7904;0|7904;0|7904;0|7904;0|7904;0|7904;0|7904;0|7904;0|7904;0|7904;0|7904;0|7904;0|7904;0|7904;0|7904;0|7904;0|7904;0|7904;0|7904;0|7904;0|7904;0|7904;0|7904;0|7904;0|7904;0|7904;0|7904;0|7904;0|7904;0|7904;0|7904;0|7904;0|7904;0|7904;0|7904;0|7904;0|7904;0|7904;0|7904;0|7904;0|7904;0|7904;0|7904;0|7904;0|7904;0|7904;0|7904;0|7904;0|7904;0|7904;0|7904;0|7904;0|7904;0|7904;0|7904;0|7904;0|7904;0|7904;0|7904;0|7904;0|7904;0|7904;0|7904;0|7904;0|7904;0|7904;0|7904;0|7904;0|7904;0|7904;0|7904;0|7904;0|7904;0|7904;0|7904;0|7904;0|7904;0|7904;0|7904;0|7904;0|7904;0|7904;0|7904;0|7904;0|7904;0|7904;0|7904;0|7904;0|7904;0|7904;0|7904;0|7904;0|7904;0|7904;0|7904;0|7904;0|7904;0|7904;0|7904;0|7904;0|7904;0|7904;0|7904;0|7904;0|7904;0|7904;0|7904;0|7904;0|0;0|0;0|0;0|0;0|0;0|0;0|0;0|0;0|0;0|0;0|0;0|0;0|0;0|0;0|0;0|0;0|0;0|0;0|0;0|0;0|0;0|0;0|0;0|0;0|0;0|0;0|0;0|0;0|0;0|0;0
paddy_harvestor_20,0,0;0|0;0|0;0|0;0|0;0|0;0|0;0|0;0|0;0|0;0|0;0|0;0|0;0|0;0|0;0|0;0|0;0|0;0|0;0|0;0|0;0|0;0|0;0|0;0|0;0|0;0|0;0|0;0|0;0|0;0|0;0|0;0|0;0|0;0|0;0|0;0|0;0|0;0|0;0|0;0|0;0|0;0|0;0|0;0|0;0|0;0|0;0|0;0|0;0|0;0|0;0|0;0|0;0|0;0|0;0|0;0|0;0|0;0|0;0|0;0|0;0|0;0|0;0|0;0|0;0|0;0|0;0|0;0|0;0|0;0|0;0|0;0|0;0|0;0|0;0|0;0|0;0|0;0|0;0|0;0|0;0|0;0|0;0|0;0|0;0|0;0|0;0|0;0|0;0|0;0|0;0|0;0|0;0|0;0|0;0|0;0|0;0|0;0|0;0|0;0|0;0|0;0|0;0|0;0|0;0|0;0|0;0|0;0|0;0|0;0|0;0|0;0|0;0|0;0|0;0|0;0|0;0|0;0|0;0|0;0|0;0|0;0|0;0|0;0|0;0|0;0|0;0|0;0|0;0|0;0|0;0|0;0|0;0|0;0|0;0|0;0|0;0|0;0|0;0|0;0|0;0|0;0|0;0|0;0|4742;0|4742;0|4742;0|4742;0|4742;0|4742;0|4742;0|4742;0|4742;0|4742;0|4742;0|4742;0|4742;0|4742;0|4742;0|4742;0|4742;0|4742;0|4742;0|4742;0|4742;0|4742;0|4742;0|4742;0|4742;0|4742;0|4742;0|4742;0|4742;0|4742;0|4742;0|4742;0|4742;0|4742;0|4742;0|4742;0|4742;0|4742;0|4742;0|4742;0|4742;0|4742;0|4742;0|4742;0|4742;0|4742;0|4742;0|4742;0|4742;0|4742;0|4742;0|4742;0|4742;0|4742;0|4742;0|4742;0|4742;0|4742;0|4742;0|4742;0|4742;0|4742;0|4742;0|4742;0|4742;0|4742;0|4742;0|4742;0|4742;0|4742;0|4742;0|4742;0|4742;0|4742;0|4742;0|4742;0|4742;0|4742;0|4742;0|4742;0|4742;0|4742;0|4742;0|4742;0|4742;0|4742;0|4742;0|4742;0|4742;0|4742;0|4742;0|4742;0|4742;0|4742;0|4742;0|4742;0|4742;0|4742;0|4742;0|4742;0|4742;0|4742;0|4742;0|4742;0|4742;0|4742;0|4742;0|4742;0|4742;0|4742;0|4742;0|4742;0|4742;0|4742;0|4742;0|4742;0|4742;0|4742;0|4742;0|4742;0|4742;0|4742;0|4742;0|4742;0|4742;0|4742;0|4742;0|4742;0|4742;0|4742;0|4742;0|4742;0|4742;0|4742;0|4742;0|4742;0|4742;0|4742;0|0;0|0;0|0;0|0;0|0;0|0;0
corn_harvestor_108,0,0;0|0;0|0;0|0;0|0;0|0;0|0;0|0;0|0;0|0;0|0;0|0;0|0;0|0;0|0;0|0;0|0;0|0;0|0;0|0;0|0;0|0;0|0;0|0;0|0;0|0;0|0;0|0;0|0;0|0;0|0;0|0;0|0;0|0;0|0;0|0;0|0;0|0;0|0;0|0;0|0;0|0;0|0;0|0;0|0;0|0;0|0;0|0;0|0;0|0;0|0;0|0;0|0;0|0;0|0;0|0;0|0;0|0;0|0;0|0;0|0;0|0;0|0;0|0;0|0;0|0;0|0;0|0;0|0;0|0;0|0;0|0;0|0;0|0;0|0;0|0;0|0;0|0;0|0;0|0;0|0;0|0;0|0;0|0;0|0;0|0;0|0;0|0;0|0;0|0;0|0;0|0;0|13795;0|13795;0|13795;0|13795;0|13795;0|13794;0|13794;0|13795;0|13794;0|13794;0|13794;0|13794;0|13794;0|13795;0|13795;0|13795;0|13794;0|13794;0|13794;0|13794;0|13794;0|13794;0|13794;0|13794;0|13794;0|13795;0|13795;0|13980;0|13980;0|13980;0|13980;0|13980;0|13980;0|13980;0|13980;0|13980;0|13980;0|13980;0|13980;0|13980;0|13980;0|13980;0|13980;0|13980;0|13980;0|13980;0|13980;0|13980;0|13980;0|13980;0|13980;0|13980;0|13980;0|13980;0|13980;0|13980;0|13980;0|13980;0|13980;0|13980;0|13980;0|13980;0|13795;0|13795;0|13795;0|13795;0|13794;0|13794;0|13794;0|13794;0|13794;0|13794;0|13794;0|13794;0|13794;0|13794;0|13794;0|13794;0|13794;0|13794;0|13794;0|13794;0|13794;0|13794;0|13794;0|13794;0|13794;0|13794;0|13794;0|13794;0|13794;0|13794;0|13794;0|13794;0|13794;0|13794;0|13794;0|13794;0|13794;0|13794;0|13794;0|13794;0|13794;0|13794;0|13795;0|13795;0|13795;0|13795;0|13795;0|13795;0|13795;0|13795;0|13795;0|13795;0|13795;0|13795;0|13795;0|13795;0|13795;0|13795;0|13795;0|13795;0|13795;0|13795;0|13795;0|13795;0|13795;0|13795;0|13795;0|13795;0|13795;0|13795;0|13795;0|13795;0|13795;0|13795;0|13795;0|13795;0|13795;0|13795;0|13794;0|13794;0|13794;0|13794;0|13794;0|13794;0|13794;0|13794;0|13794;0|13794;0|13795;0|13794;0|13794;0|13794;0|13794;0|13794;0|13795;0|13795;0|13795;0|13980;0|13980;0|13980;0|13980;0|13980;0|13980;0|13980;0|13980;0|13980;0|13980;0|13980;0|13980;0|13980;0|13795;0|13795;0|13795;0|13795;0|13795;0|13795;0|13795;0|13795;0|13795;0|13795;0|13980;0|13980;0|0;0|0;0|0;0|0;0|0;0|0;0|0;0|0;0|0;0|0;0|0;0|0;0
paddy_harvestor_61,0,0;0|0;0|0;0|0;0|0;0|0;0|0;0|0;0|0;0|0;0|0;0|0;0|0;0|0;0|0;0|0;0|0;0|0;0|0;0|0;0|0;0|0;0|0;0|0;0|0;0|0;0|0;0|0;0|0;0|0;0|0;0|0;0|0;0|0;0|0;0|0;0|0;0|0;0|0;0|0;0|0;0|0;0|0;0|0;0|0;0|0;0|0;0|0;0|0;0|0;0|0;0|0;0|0;0|0;0|0;0|0;0|0;0|0;0|0;0|0;0|0;0|0;0|0;0|0;0|0;0|0;0|0;0|0;0|0;0|0;0|0;0|0;0|0;0|0;0|0;0|0;0|0;0|0;0|0;0|0;0|0;0|0;0|0;0|0;0|0;0|0;0|0;0|0;0|0;0|0;0|0;0|0;0|0;0|0;0|0;0|0;0|0;0|0;0|0;0|0;0|0;0|0;0|0;0|0;0|0;0|0;0|0;0|0;0|0;0|0;0|0;0|0;0|0;0|0;0|0;0|0;0|0;0|0;0|0;0|0;0|0;0|0;0|0;0|0;0|0;0|0;0|0;0|0;0|0;0|0;0|0;0|0;0|0;0|0;0|0;0|0;0|0;0|0;0|0;0|0;0|0;0|0;0|0;0|0;0|1200;0|1200;0|1200;0|1200;0|1200;0|1200;0|1200;0|1200;0|1200;0|1200;0|1200;0|1200;0|1200;0|1200;0|1200;0|1200;0|1200;0|1200;0|1385;0|1385;0|1385;0|1200;0|1200;0|1200;0|1200;0|1200;0|1200;0|1200;0|1200;0|1200;0|1200;0|1200;0|1200;0|1200;0|1200;0|1200;0|1200;0|1200;0|1200;0|1200;0|1200;0|1200;0|1200;0|1200;0|1200;0|1200;0|1200;0|1385;0|1385;0|1200;0|1200;0|1200;0|1200;0|1200;0|1200;0|1200;0|1200;0|1200;0|1200;0|1200;0|1200;0|1200;0|1200;0|1200;0|1200;0|1200;0|1200;0|1200;0|1200;0|1200;0|1200;0|1200;0|1200;0|1200;0|1200;0|1200;0|1200;0|1200;0|1200;0|1200;0|1200;0|1200;0|1200;0|1200;0|1200;0|1200;0|1200;0|1200;0|1200;0|1200;0|1200;0|1200;0|1200;0|1200;0|1200;0|1200;0|1200;0|1200;0|1200;0|1200;0|1200;0|1200;0|1200;0|1200;0|1200;0|1200;0|1200;0|1200;0|1200;0|1200;0|1200;0|1200;0|1200;0|1200;0|1200;0|1200;0|1200;0|1200;0|1200;0|1200;0|1200;0|1200;0|1200;0|1200;0|1200;0|1200;0|1200;0|1200;0|1200;0|1200;0|1200;0|1200;0|1200;0|1200;0|1200;0|1200;0|1200;0|1200;0|1200;0|1200;0|1200;0|1200;0|1200;0|1200;0
corn_harvestor_107,0,16967;0|16967;0|16967;0|16967;0|16967;0|16967;0|16967;0|16967;0|16967;0|16967;0|16967;0|16967;0|16967;0|16967;0|16967;0|16967;0|16967;0|16967;0|16967;0|16967;0|16967;0|16967;0|16967;0|16967;0|16967;0|16967;0|16967;0|16967;0|16967;0|16967;0|16967;0|16967;0|16967;0|16967;0|16967;0|16967;0|16967;0|16967;0|16967;0|16967;0|16967;0|16967;0|16967;0|16967;0|16967;0|16967;0|16967;0|16967;0|16967;0|16967;0|16967;0|16967;0|16967;0|16967;0|16967;0|16967;0|16967;0|16967;0|16967;0|16967;0|16967;0|16967;0|16967;0|16967;0|16967;0|16967;0|16967;0|16967;0|16967;0|16967;0|16967;0|16967;0|16967;0|16967;0|16967;0|16967;0|16967;0|16967;0|16967;0|16967;0|16967;0|16967;0|16967;0|16967;0|16967;0|16967;0|16967;0|16967;0|16967;0|16967;0|16967;0|16967;0|16967;0|16967;0|16967;0|16967;0|16967;0|16967;0|16967;0|16967;0|16967;0|16967;0|16967;0|16967;0|16967;0|16967;0|16967;0|16967;0|16967;0|16967;0|16967;0|16967;0|16967;0|16967;0|16967;0|16967;0|16967;0|16967;0|16967;0|16967;0|16967;0|16967;0|16967;0|16967;0|16967;0|16967;0|16967;0|16967;0|16967;0|16967;0|16967;0|16967;0|16967;0|16967;0|16967;0|16967;0|16967;0|16967;0|16967;0|16967;0|16967;0|16967;0|16967;0|16967;0|16967;0|16967;0|16967;0|16967;0|16967;0|16967;0|16967;0|16967;0|16967;0|16967;0|16967;0|16967;0|16967;0|16967;0|16967;0|16967;0|16967;0|16967;0|16967;0|16967;0|16967;0|16967;0|16967;0|16967;0|16967;0|16967;0|16967;0|16967;0|16967;0|16967;0|16967;0|16967;0|16967;0|16967;0|16967;0|16967;0|16967;0|16967;0|16967;0|16967;0|16967;0|16967;0|16967;0|16967;0|16967;0|16967;0|16967;0|16967;0|16967;0|16967;0|16967;0|16967;0|16967;0|16967;0|16967;0|16967;0|16967;0|16967;0|16967;0|16967;0|16967;0|16967;0|16967;0|16967;0|16967;0|16967;0|16967;0|16967;0|16967;0|16967;0|16967;0|16967;0|16967;0|16967;0|16967;0|16967;0|16967;0|16967;0|16967;0|16967;0|16967;0|16967;0|16967;0|16967;0|16967;0|16967;0|16967;0|16967;0|16967;0|16967;0|16967;0|16967;0|16967;0|16967;0|16967;0|16967;0|16967;0|16967;0|16967;0|16967;0|16967;0|16967;0|16967;0|16967;0|16967;0|16967;0|0;0|0;0|0;0|0;0|0;0|0;0|0;0|0;0|0;0|0;0|0;0|0;0|0;0|0;0|0;0|0;0|0;0|0;0|0;0|0;0|0;0|0;0|0;0|0;0|0;0|0;0|0;0|0;0|0;0|0;0|0;0|0;0|0;0|0;0|0;0|0;0|0;0|0;0
paddy_harvestor_8,0,0;0|0;0|0;0|0;0|0;0|0;0|0;0|0;0|0;0|0;0|0;0|0;0|0;0|0;0|0;0|0;0|0;0|0;0|0;0|0;0|0;0|0;0|0;0|0;0|0;0|0;0|0;0|0;0|0;0|0;0|0;0|0;0|0;0|0;0|0;0|0;0|0;0|0;0|0;0|0;0|0;0|0;0|0;0|0;0|0;0|0;0|0;0|0;0|0;0|0;0|0;0|0;0|0;0|0;0|0;0|0;0|0;0|0;0|0;0|0;0|0;0|0;0|0;0|0;0|0;0|0;0|0;0|0;0|0;0|0;0|0;0|0;0|0;0|0;0|0;0|0;0|0;0|0;0|0;0|0;0|0;0|0;0|0;0|0;0|0;0|0;0|0;0|0;0|0;0|0;0|0;0|0;0|0;0|0;0|0;0|0;0|0;0|0;0|0;0|0;0|0;0|0;0|0;0|0;0|0;0|0;0|0;0|0;0|0;0|0;0|0;0|0;0|0;0|0;0|0;0|0;0|0;0|0;0|0;0|0;0|0;0|0;0|0;0|0;0|0;0|0;0|0;0|0;0|0;0|0;0|0;0|0;0|0;0|0;0|0;0|0;0|0;0|0;0|0;0|0;0|0;0|0;0|0;0|0;0|0;0|0;0|0;0|0;0|0;0|0;0|0;0|0;0|0;0|0;0|0;0|0;0|0;0|0;0|9202;0|9202;0|9202;0|9202;0|9202;0|9202;0|9202;0|9202;0|9202;0|9202;0|9202;0|9202;0|9202;0|9202;0|9202;0|9202;0|9202;0|9202;0|9202;0|9202;0|9202;0|9202;0|9202;0|9202;0|9202;0|9202;0|9202;0|9202;0|9202;0|9202;0|9202;0|9202;0|9202;0|9202;0|9202;0|9202;0|9202;0|9202;0|9202;0|9202;0|9202;0|9202;0|9202;0|9202;0|9202;0|9202;0|9202;0|9202;0|9202;0|9202;0|9202;0|9202;0|9202;0|9202;0|9202;0|9202;0|9202;0|9202;0|9202;0|9202;0|9202;0|9202;0|9202;0|9202;0|9202;0|9202;0|9202;0|9202;0|9202;0|9202;0|9202;0|0;0|0;0|0;0|0;0|0;0|0;0|0;0|0;0|0;0|0;0|0;0|0;0|0;0|0;0|0;0|0;0|0;0|0;0|0;0|0;0|0;0|0;0|0;0|0;0|0;0|0;0|0;0|0;0|0;0|0;0|0;0|0;0|0;0|0;0|0;0|0;0|0;0|0;0|0;0|0;0|0;0|0;0|0;0|0;0|0;0|0;0|0;0|0;0|0;0|0;0|0;0|0;0|0;0|0;0|0;0|0;0|0;0|0;0|0;0
corn_harvestor_101,0,0;0|0;0|0;0|0;0|0;0|0;0|0;0|0;0|0;0|0;0|0;0|0;0|0;0|0;0|0;0|0;0|0;0|0;0|0;0|0;0|0;0|0;0|0;0|0;0|0;0|0;0|0;0|0;0|0;0|0;0|0;0|0;0|0;0|0;0|0;0|0;0|0;0|0;0|0;0|0;0|0;0|0;0|0;0|0;0|0;0|0;0|0;0|0;0|0;0|0;0|0;0|0;0|0;0|0;0|0;0|0;0|0;0|0;0|0;0|0;0|0;0|0;0|0;0|0;0|0;0|0;0|0;0|0;0|0;0|0;0|0;0|0;0|0;0|0;0|0;0|0;0|0;0|0;0|0;0|0;0|0;0|0;0|0;0|0;0|0;0|0;0|0;0|0;0|0;0|0;0|0;0|0;0|0;0|0;0|0;0|0;0|0;0|16598;0|16598;0|16598;0|16598;0|16598;0|16598;0|16598;0|16598;0|16598;0|16598;0|16598;0|16598;0|16598;0|16598;0|16598;0|16598;0|16598;0|16598;0|16598;0|16598;0|16598;0|16598;0|16598;0|16598;0|16598;0|16598;0|16598;0|16598;0|16598;0|16598;0|16598;0|16598;0|16598;0|16598;0|16598;0|16598;0|16598;0|16598;0|16598;0|16598;0|16598;0|16598;0|16598;0|16598;0|16598;0|16598;0|16598;0|16598;0|16598;0|16598;0|16598;0|16598;0|16598;0|16598;0|16598;0|16598;0|16598;0|16598;0|16598;0|16598;0|16598;0|16598;0|16598;0|16598;0|16598;0|16598;0|16598;0|16598;0|16598;0|16598;0|16598;0|16598;0|16598;0|16598;0|16598;0|16598;0|16598;0|16598;0|16598;0|16598;0|16598;0|16598;0|16598;0|16598;0|16598;0|16598;0|16598;0|16598;0|16598;0|16598;0|16598;0|16598;0|16598;0|16598;0|16598;0|16598;0|16598;0|16598;0|16598;0|16598;0|16598;0|16598;0|16598;0|16598;0|16598;0|16598;0|16598;0|16598;0|16598;0|16598;0|16598;0|16598;0|16598;0|16598;0|16598;0|16598;0|16598;0|16598;0|16598;0|16598;0|16598;0|16598;0|16598;0|16598;0|16598;0|16598;0|16598;0|16598;0|16598;0|16598;0|16598;0|16598;0|16598;0|16598;0|16598;0|16598;0|16598;0|16598;0|16598;0|16598;0|16598;0|0;0|0;0|0;0|0;0|0;0|0;0|0;0|0;0|0;0|0;0|0;0|0;0|0;0|0;0|0;0|0;0|0;0|0;0|0;0|0;0|0;0|0;0|0;0|0;0|0;0|0;0|0;0|0;0|0;0|0;0|0;0|0;0|0;0|0;0|0;0|0;0|0;0|0;0|0;0|0;0|0;0|0;0|0;0|0;0|0;0|0;0|0;0|0;0|0;0|0;0
paddy_harvestor_6,0,0;0|0;0|0;0|0;0|0;0|0;0|0;0|0;0|0;0|0;0|0;0|0;0|0;0|0;0|0;0|0;0|0;0|0;0|0;0|0;0|0;0|0;0|0;0|0;0|0;0|0;0|0;0|0;0|0;0|0;0|0;0|0;0|0;0|0;0|0;0|0;0|0;0|0;0|0;0|0;0|0;0|0;0|0;0|0;0|0;0|0;0|0;0|0;0|0;0|0;0|0;0|0;0|0;0|0;0|0;0|0;0|0;0|0;0|0;0|0;0|0;0|0;0|0;0|0;0|0;0|0;0|0;0|0;0|0;0|0;0|0;0|0;0|0;0|0;0|0;0|0;0|0;0|0;0|0;0|0;0|0;0|0;0|0;0|0;0|0;0|0;0|0;0|0;0|0;0|0;0|0;0|0;0|0;0|0;0|0;0|0;0|0;0|0;0|0;0|0;0|0;0|0;0|0;0|0;0|0;0|0;0|0;0|0;0|0;0|0;0|0;0|0;0|0;0|0;0|0;0|0;0|0;0|0;0|0;0|0;0|0;0|0;0|0;0|0;0|0;0|0;0|0;0|0;0|0;0|0;0|0;0|0;0|0;0|0;0|0;0|0;0|0;0|0;0|0;0|0;0|0;0|0;0|0;0|0;0|0;0|0;0|0;0|9935;0|9935;0|9935;0|9935;0|9935;0|9935;0|9935;0|9935;0|9935;0|9935;0|9935;0|9935;0|9935;0|9935;0|9935;0|9935;0|9935;0|9935;0|9935;0|9935;0|9935;0|9935;0|9935;0|9935;0|9935;0|9935;0|9935;0|9935;0|9935;0|9935;0|9935;0|9935;0|9935;0|9935;0|9935;0|9935;0|9935;0|9935;0|9935;0|9935;0|9935;0|9935;0|9935;0|9935;0|9935;0|9935;0|9935;0|9935;0|9935;0|9935;0|9935;0|9935;0|9935;0|9935;0|9935;0|9935;0|9935;0|9935;0|9935;0|9935;0|9935;0|9935;0|9935;0|9935;0|9935;0|0;0|0;0|0;0|0;0|0;0|0;0|0;0|0;0|0;0|0;0|0;0|0;0|0;0|0;0|0;0|0;0|0;0|0;0|0;0|0;0|0;0|0;0|0;0|0;0|0;0|0;0|0;0|0;0|0;0|0;0|0;0|0;0|0;0|0;0|0;0|0;0|0;0|0;0|0;0|0;0|0;0|0;0|0;0|0;0|0;0|0;0|0;0|0;0|0;0|0;0|0;0|0;0|0;0|0;0|0;0|0;0|0;0|0;0|0;0|0;0|0;0|0;0|0;0|0;0|0;0|0;0|0;0|0;0|0;0|0;0|0;0|0;0|0;0|0;0|0;0|0;0
corn_harvestor_102,0,0;0|0;0|0;0|0;0|0;0|0;0|0;0|0;0|0;0|0;0|0;0|0;0|0;0|0;0|0;0|0;0|0;0|0;0|0;0|0;0|0;0|0;0|0;0|0;0|0;0|0;0|0;0|0;0|0;0|0;0|0;0|0;0|0;0|0;0|0;0|0;0|0;0|0;0|0;0|0;0|0;0|0;0|0;0|0;0|0;0|0;0|0;0|0;0|0;0|0;0|0;0|0;0|0;0|0;0|0;0|0;0|0;0|0;0|0;0|0;0|0;0|0;0|0;0|0;0|0;0|0;0|0;0|0;0|0;0|0;0|0;0|0;0|0;0|0;0|0;0|0;0|0;0|0;0|14732;0|14732;0|14732;0|14732;0|14732;0|14732;0|14732;0|14732;0|14732;0|14732;0|14732;0|14732;0|14732;0|14732;0|14732;0|14732;0|14732;0|14732;0|14732;0|14732;0|14732;0|14732;0|14732;0|14732;0|14732;0|14732;0|14732;0|14732;0|14732;0|14732;0|14732;0|14732;0|14732;0|14732;0|14732;0|14732;0|14732;0|14732;0|14732;0|14732;0|14732;0|14732;0|14732;0|14732;0|14732;0|14732;0|14732;0|14732;0|14732;0|14732;0|14732;0|14732;0|14732;0|14732;0|14732;0|14732;0|14732;0|14732;0|14732;0|14732;0|14732;0|14732;0|14732;0|14732;0|14732;0|14732;0|14732;0|14732;0|14732;0|14732;0|14732;0|14732;0|14732;0|14732;0|14732;0|14732;0|14732;0|14732;0|14732;0|14732;0|14732;0|14732;0|14732;0|14732;0|14732;0|14732;0|14732;0|14732;0|14732;0|14732;0|14732;0|14732;0|14732;0|14732;0|14732;0|14732;0|14732;0|14732;0|14732;0|14732;0|14732;0|14732;0|14732;0|14732;0|14732;0|14732;0|14732;0|14732;0|14732;0|14732;0|14732;0|14732;0|14732;0|14732;0|14732;0|14732;0|14732;0|14732;0|14732;0|14732;0|14732;0|14732;0|14732;0|14732;0|14732;0|14732;0|14732;0|14732;0|14732;0|14732;0|14732;0|14732;0|14732;0|14732;0|14732;0|14732;0|14732;0|14732;0|14732;0|14732;0|14732;0|14732;0|0;0|0;0|0;0|0;0|0;0|0;0|0;0|0;0|0;0|0;0|0;0|0;0|0;0|0;0|0;0|0;0|0;0|0;0|0;0|0;0|0;0|0;0|0;0|0;0|0;0|0;0|0;0|0;0|0;0|0;0|0;0|0;0|0;0|0;0|0;0|0;0|0;0|0;0|0;0|0;0|0;0|0;0|0;0|0;0|0;0|0;0|0;0|0;0|0;0|0;0|0;0|0;0|0;0|0;0|0;0|0;0|0;0|0;0|0;0|0;0|0;0|0;0|0;0|0;0|0;0|0;0|0;0|0;0
wheat_1_harvestor_139,1,0;0|0;0|0;0|0;0|0;0|0;0|0;0|0;0|0;0|0;0|0;0|0;0|0;0|0;0|0;0|0;0|0;0|0;0|0;0|0;0|0;0|0;0|0;0|0;0|0;0|0;0|0;0|0;0|0;0|0;0|0;0|0;0|0;0|0;0|0;0|0;0|0;0|0;0|0;0|0;0|0;0|0;0|0;0|0;0|0;0|0;0|0;0|0;0|0;0|0;0|0;0|0;0|0;0|0;0|0;0|0;0|0;0|0;0|0;0|0;0|0;0|0;0|0;0|0;0|0;0|0;0|0;0|0;0|0;0|0;0|0;0|0;0|0;0|0;0|0;0|0;0|0;0|0;0|0;0|0;0|0;0|0;0|0;0|0;0|0;0|0;0|0;0|0;0|0;0|0;0|0;0|0;0|0;0|0;0|0;0|0;0|0;0|0;0|0;0|0;0|0;0|0;0|0;0|12345;0|12345;0|12345;0|12345;0|12345;0|12345;0|12345;0|12345;0|12345;0|12345;0|12345;0|12345;0|12345;0|12345;0|12345;0|12345;0|12345;0|12345;0|12345;0|12345;0|12345;0|12345;0|12345;0|12345;0|12345;0|12345;0|12345;0|12345;0|12345;0|12345;0|12345;0|12345;0|12345;0|12345;0|12345;0|12345;0|12345;0|12345;0|12345;0|12345;0|12345;0|12345;0|12345;0|12345;0|12345;0|12345;0|12345;0|12345;0|12345;0|12345;0|12345;0|12345;0|12345;0|12345;0|12345;0|12345;0|12345;0|12345;0|12345;0|12345;0|12345;0|12345;0|12345;0|12345;0|12345;0|12345;0|12345;0|12345;0|12345;0|12345;0|12345;0|12345;0|12345;0|12345;0|12345;0|12345;0|12345;0|12345;0|12345;0|12345;0|12345;0|12345;0|12345;0|12345;0|12345;0|12345;0|12345;0|12345;0|12345;0|12345;0|12345;0|12345;0|12345;0|12345;0|12345;0|12345;0|12345;0|12345;0|12345;0|12345;0|12345;0|12345;0|12345;0|12345;0|12345;0|12345;0|12345;0|12345;0|12345;0|12345;0|12345;0|12345;0|12345;0|12345;0|12345;0|12345;0|12345;0|12345;0|12345;0|12345;0|12345;0|12345;0|12345;0|0;0|0;0|0;0|0;0|0;0|0;0|0;0|0;0|0;0|0;0|0;0|0;0|0;0|0;0|0;0|0;0|0;0|0;0|0;0|0;0|0;0|0;0|0;0|0;0|0;0|0;0|0;0|0;0|0;0|0;0|0;0|0;0|0;0|0;0|0;0|0;0|0;0|0;0|0;0|0;0|0;0|0;0|0;0|0;0|0;0|0;0|0;0|0;0|0;0|0;0|0;0|0;0|0;0|0;0|0;0|0;0|0;0|0;0|0;0|0;0|0;0|0;0
wheat_1_harvestor_132,1,0;0|0;0|0;0|0;0|0;0|0;0|0;0|0;0|0;0|0;0|0;0|0;0|0;0|0;0|0;0|0;0|0;0|0;0|0;0|0;0|0;0|0;0|0;0|0;0|0;0|0;0|0;0|0;0|0;0|0;0|0;0|0;0|0;0|0;0|0;0|0;0|0;0|0;0|0;0|0;0|0;0|0;0|0;0|0;0|0;0|0;0|0;0|0;0|0;0|0;0|0;0|0;0|0;0|0;0|0;0|0;0|0;0|0;0|0;0|0;0|0;0|0;0|0;0|0;0|0;0|0;0|0;0|0;0|0;0|0;0|0;0|0;0|0;0|0;0|0;0|0;0|12537;0|12537;0|12537;0|12537;0|12537;0|12537;0|12537;0|12537;0|12537;0|12537;0|12537;0|12537;0|12537;0|12537;0|12537;0|12537;0|12537;0|12537;0|12537;0|12537;0|12537;0|12537;0|12537;0|12537;0|12537;0|12537;0|12537;0|12537;0|12537;0|12537;0|12537;0|12537;0|12537;0|12537;0|12537;0|12537;0|12537;0|12537;0|12537;0|12537;0|12537;0|12537;0|12537;0|12537;0|12537;0|12537;0|12537;0|12537;0|12537;0|12537;0|12537;0|12537;0|12537;0|12537;0|12537;0|12537;0|12537;0|12537;0|12537;0|12537;0|12537;0|12537;0|12537;0|12537;0|12537;0|12537;0|12537;0|12537;0|12537;0|12537;0|12537;0|12537;0|12537;0|12537;0|12537;0|12537;0|12537;0|12537;0|12537;0|12537;0|12537;0|12537;0|12537;0|12537;0|12537;0|12537;0|12537;0|12537;0|12537;0|12537;0|12537;0|12537;0|12537;0|12537;0|12537;0|12537;0|12537;0|12537;0|12537;0|12537;0|12537;0|12537;0|12537;0|12537;0|12537;0|12537;0|12537;0|12537;0|12537;0|12537;0|12537;0|12537;0|12537;0|12537;0|12537;0|12537;0|12537;0|12537;0|12537;0|12537;0|12537;0|12537;0|12537;0|12537;0|12537;0|12537;0|12537;0|12537;0|12537;0|12537;0|12537;0|12537;0|12537;0|12537;0|12537;0|12537;0|12537;0|12537;0|12537;0|12537;0|12537;0|12537;0|12537;0|12537;0|12537;0|12537;0|12537;0|12537;0|12537;0|12537;0|12537;0|12537;0|12537;0|12537;0|12537;0|12537;0|12537;0|12537;0|12537;0|12537;0|12537;0|12537;0|12537;0|12537;0|12537;0|12537;0|12537;0|0;0|0;0|0;0|0;0|0;0|0;0|0;0|0;0|0;0|0;0|0;0|0;0|0;0|0;0|0;0|0;0|0;0|0;0|0;0|0;0|0;0|0;0|0;0|0;0|0;0|0;0|0;0|0;0|0;0|0;0|0;0|0;0|0;0|0;0|0;0|0;0|0;0|0;0|0;0|0;0|0;0|0;0|0;0|0;0|0;0
paddy_harvestor_4,1,0;0|0;0|0;0|0;0|0;0|0;0|0;0|0;0|0;0|0;0|0;0|0;0|0;0|0;0|0;0|0;0|0;0|0;0|0;0|0;0|0;0|0;0|0;0|0;0|0;0|0;0|0;0|0;0|0;0|0;0|0;0|0;0|0;0|0;0|0;0|0;0|0;0|0;0|0;0|0;0|0;0|0;0|0;0|0;0|0;0|0;0|0;0|0;0|0;0|0;0|0;0|0;0|0;0|0;0|0;0|0;0|0;0|0;0|0;0|0;0|0;0|0;0|0;0|0;0|0;0|0;0|0;0|0;0|0;0|0;0|0;0|0;0|0;0|0;0|0;0|0;0|0;0|0;0|0;0|0;0|0;0|0;0|0;0|0;0|0;0|0;0|0;0|0;0|0;0|0;0|0;0|0;0|0;0|0;0|0;0|0;0|0;0|0;0|0;0|0;0|0;0|0;0|0;0|0;0|0;0|0;0|0;0|0;0|0;0|0;0|0;0|0;0|0;0|0;0|0;0|0;0|0;0|0;0|0;0|0;0|0;0|0;0|0;0|0;0|0;0|0;0|0;0|0;0|0;0|0;0|0;0|0;0|0;0|0;0|0;0|0;0|0;0|0;0|0;0|0;0|0;0|0;0|0;0|0;0|3826;0|3826;0|3826;0|3826;0|3826;0|3826;0|3826;0|3826;0|3826;0|3826;0|3826;0|3826;0|3826;0|3826;0|3826;0|3826;0|3826;0|3826;0|3826;0|3826;0|3826;0|3826;0|3826;0|3826;0|3826;0|3826;0|3826;0|3826;0|3826;0|3826;0|3826;0|3826;0|3826;0|3826;0|3826;0|3826;0|3826;0|3826;0|3826;0|3826;0|3826;0|3826;0|3826;0|3826;0|3826;0|3826;0|3826;0|3826;0|3826;0|3826;0|3826;0|3826;0|3826;0|3826;0|3826;0|3826;0|3826;0|3826;0|3826;0|3826;0|3826;0|3826;0|3826;0|3826;0|3826;0|3826;0|3826;0|3826;0|3826;0|3826;0|3826;0|3826;0|3826;0|3827;0|3827;0|3827;0|0;0|0;0|0;0|0;0|0;0|0;0|0;0|0;0|0;0|0;0|0;0|0;0|0;0|0;0|0;0|0;0|0;0|0;0|0;0|0;0|0;0|0;0|0;0|0;0|0;0|0;0|0;0|0;0|0;0|0;0|0;0|0;0|0;0|0;0|0;0|0;0|0;0|0;0|0;0|0;0|0;0|0;0|0;0|0;0|0;0|0;0|0;0|0;0|0;0|0;0|0;0|0;0|0;0|0;0|0;0|0;0|0;0|0;0|0;0|0;0|0;0|0;0|0;0|0;0|0;0|0;0|0;0|0;0
paddy_harvestor_86,1,0;0|0;0|0;0|0;0|0;0|0;0|0;0|0;0|0;0|0;0|0;0|0;0|0;0|0;0|0;0|0;0|0;0|0;0|0;0|0;0|0;0|0;0|0;0|0;0|0;0|0;0|0;0|0;0|0;0|0;0|0;0|0;0|0;0|0;0|0;0|0;0|0;0|0;0|0;0|0;0|0;0|0;0|0;0|0;0|0;0|0;0|0;0|0;0|0;0|0;0|0;0|0;0|0;0|0;0|0;0|0;0|0;0|0;0|0;0|0;0|0;0|0;0|0;0|0;0|0;0|0;0|0;0|0;0|0;0|0;0|0;0|0;0|0;0|0;0|0;0|0;0|0;0|0;0|0;0|0;0|0;0|0;0|0;0|0;0|0;0|0;0|0;0|0;0|0;0|0;0|0;0|0;0|0;0|0;0|0;0|0;0|0;0|0;0|0;0|0;0|0;0|0;0|0;0|0;0|0;0|0;0|0;0|0;0|0;0|0;0|0;0|0;0|0;0|0;0|0;0|0;0|0;0|0;0|0;0|0;0|0;0|0;0|0;0|0;0|0;0|0;0|0;0|0;0|0;0|0;0|0;0|0;0|0;0|0;0|0;0|0;0|0;0|0;0|0;0|0;0|0;0|0;0|0;0|0;0|10303;0|10303;0|10303;0|10303;0|10303;0|10303;0|10303;0|10303;0|10303;0|10303;0|10303;0|10303;0|10303;0|10303;0|10303;0|10303;0|10303;0|10303;0|10303;0|10303;0|10303;0|10303;0|10303;0|10303;0|10303;0|10303;0|10303;0|10303;0|10303;0|10303;0|10303;0|10303;0|10303;0|10303;0|10303;0|10303;0|10303;0|10303;0|10303;0|10303;0|10303;0|10303;0|10303;0|10303;0|10303;0|10303;0|10303;0|10303;0|10303;0|10303;0|10303;0|10303;0|10303;0|10303;0|10303;0|10303;0|10303;0|10303;0|10303;0|10303;0|10303;0|10303;0|10303;0|10303;0|10303;0|10303;0|10303;0|10303;0|10303;0|10303;0|0;0|0;0|0;0|0;0|0;0|0;0|0;0|0;0|0;0|0;0|0;0|0;0|0;0|0;0|0;0|0;0|0;0|0;0|0;0|0;0|0;0|0;0|0;0|0;0|0;0|0;0|0;0|0;0|0;0|0;0|0;0|0;0|0;0|0;0|0;0|0;0|0;0|0;0|0;0|0;0|0;0|0;0|0;0|0;0|0;0|0;0|0;0|0;0|0;0|0;0|0;0|0;0|0;0|0;0|0;0|0;0|0;0|0;0|0;0|0;0|0;0|0;0|0;0|0;0|0;0|0;0|0;0|0;0|0;0|0;0|0;0|0;0|0;0|0;0
paddy_harvestor_64,1,0;0|0;0|0;0|0;0|0;0|0;0|0;0|0;0|0;0|0;0|0;0|0;0|0;0|0;0|0;0|0;0|0;0|0;0|0;0|0;0|0;0|0;0|0;0|0;0|0;0|0;0|0;0|0;0|0;0|0;0|0;0|0;0|0;0|0;0|0;0|0;0|0;0|0;0|0;0|0;0|0;0|0;0|0;0|0;0|0;0|0;0|0;0|0;0|0;0|0;0|0;0|0;0|0;0|0;0|0;0|0;0|0;0|0;0|0;0|0;0|0;0|0;0|0;0|0;0|0;0|0;0|0;0|0;0|0;0|0;0|0;0|0;0|0;0|0;0|0;0|0;0|0;0|0;0|0;0|0;0|0;0|0;0|0;0|0;0|0;0|0;0|0;0|0;0|0;0|0;0|0;0|0;0|0;0|0;0|0;0|0;0|0;0|0;0|0;0|0;0|0;0|0;0|0;0|0;0|0;0|0;0|0;0|0;0|0;0|0;0|0;0|0;0|0;0|0;0|0;0|0;0|0;0|0;0|0;0|0;0|0;0|0;0|0;0|0;0|0;0|0;0|0;0|0;0|0;0|0;0|0;0|0;0|0;0|0;0|0;0|0;0|0;0|0;0|0;0|0;0|0;0|0;0|0;0|0;0|8647;0|8647;0|8647;0|8647;0|8647;0|8647;0|8647;0|8647;0|8647;0|8647;0|8647;0|8647;0|8647;0|8647;0|8647;0|8647;0|8647;0|8647;0|8647;0|8647;0|8647;0|8647;0|8647;0|8647;0|8647;0|8647;0|8647;0|8647;0|8647;0|8647;0|8832;0|8832;0|8647;0|8832;0|8647;0|8647;0|8647;0|8647;0|8832;0|8832;0|8647;0|8647;0|8647;0|8647;0|8647;0|8647;0|8647;0|8647;0|8647;0|8647;0|8647;0|8647;0|8647;0|8647;0|8647;0|8647;0|8647;0|8647;0|8647;0|8647;0|8647;0|8647;0|8647;0|8647;0|8647;0|8647;0|8647;0|8647;0|8647;0|8647;0|8647;0|8647;0|8647;0|8647;0|8647;0|8647;0|8647;0|8647;0|8647;0|8647;0|8647;0|8647;0|8647;0|8647;0|8647;0|8647;0|8647;0|8647;0|8647;0|8647;0|8647;0|8647;0|8647;0|8647;0|8647;0|8647;0|8647;0|8647;0|8647;0|8647;0|8647;0|8647;0|8647;0|8647;0|8647;0|8647;0|8647;0|8647;0|8647;0|8647;0|8647;0|8647;0|8647;0|8647;0|8647;0|8647;0|8647;0|8647;0|8647;0|8647;0|8647;0|8647;0|8647;0|8647;0|8647;0|8647;0|8647;0|8647;0|8647;0|8647;0|8647;0|8647;0|8647;0|8647;0|8647;0|8647;0|8647;0|8647;0|8647;0|8647;0|8647;0|8647;0|8647;0|8647;0
paddy_harvestor_37,1,0;0|0;0|0;0|0;0|0;0|0;0|0;0|0;0|0;0|0;0|0;0|0;0|0;0|0;0|0;0|0;0|0;0|0;0|0;0|0;0|0;0|0;0|0;0|0;0|0;0|0;0|0;0|0;0|0;0|0;0|0;0|0;0|0;0|0;0|0;0|0;0|0;0|0;0|0;0|0;0|0;0|0;0|0;0|0;0|0;0|0;0|0;0|0;0|0;0|0;0|0;0|0;0|0;0|0;0|0;0|0;0|0;0|0;0|0;0|0;0|0;0|0;0|0;0|0;0|0;0|0;0|0;0|0;0|0;0|0;0|0;0|0;0|0;0|0;0|0;0|0;0|0;0|0;0|0;0|0;0|0;0|0;0|0;0|0;0|0;0|0;0|0;0|0;0|0;0|0;0|0;0|0;0|0;0|0;0|0;0|0;0|0;0|0;0|0;0|0;0|0;0|0;0|0;0|0;0|0;0|0;0|0;0|0;0|0;0|0;0|0;0|0;0|0;0|0;0|0;0|0;0|0;0|0;0|0;0|0;0|0;0|0;0|0;0|0;0|0;0|0;0|0;0|0;0|0;0|0;0|0;0|0;0|0;0|0;0|0;0|0;0|0;0|0;0|0;0|0;0|0;0|0;0|0;0|0;0|11236;0|11236;0|11236;0|11236;0|11236;0|11236;0|11236;0|11236;0|11236;0|11236;0|11236;0|11236;0|11236;0|11236;0|11236;0|11236;0|11236;0|11236;0|11236;0|11236;0|11236;0|11236;0|11236;0|11236;0|11236;0|11236;0|11236;0|11236;0|11236;0|11236;0|11236;0|11236;0|11236;0|11236;0|11236;0|11236;0|11236;0|11236;0|11236;0|11236;0|11236;0|11236;0|11236;0|11236;0|11236;0|11236;0|11236;0|11236;0|11236;0|11236;0|11236;0|11236;0|11236;0|11236;0|11236;0|11236;0|11236;0|11236;0|11236;0|11236;0|11236;0|11236;0|11236;0|11236;0|11236;0|11236;0|11236;0|11236;0|11236;0|11236;0|11236;0|11236;0|11236;0|11236;0|11236;0|11236;0|11236;0|11236;0|11236;0|11236;0|11236;0|11236;0|11236;0|11236;0|11236;0|11236;0|11236;0|11236;0|11236;0|11236;0|11236;0|11236;0|11236;0|11236;0|11236;0|11236;0|11236;0|11236;0|11236;0|11236;0|11236;0|11236;0|11236;0|11236;0|0;0|0;0|0;0|0;0|0;0|0;0|0;0|0;0|0;0|0;0|0;0|0;0|0;0|0;0|0;0|0;0|0;0|0;0|0;0|0;0|0;0|0;0|0;0|0;0|0;0|0;0|0;0|0;0|0;0|0;0|0;0|0;0|0;0|0;0|0;0|0;0|0;0|0;0|0;0|0;0
paddy_harvestor_39,1,0;0|0;0|0;0|0;0|0;0|0;0|0;0|0;0|0;0|0;0|0;0|0;0|0;0|0;0|0;0|0;0|0;0|0;0|0;0|0;0|0;0|0;0|0;0|0;0|0;0|0;0|0;0|0;0|0;0|0;0|0;0|0;0|0;0|0;0|0;0|0;0|0;0|0;0|0;0|0;0|0;0|0;0|0;0|0;0|0;0|0;0|0;0|0;0|0;0|0;0|0;0|0;0|0;0|0;0|0;0|0;0|0;0|0;0|0;0|0;0|0;0|0;0|0;0|0;0|0;0|0;0|0;0|0;0|0;0|0;0|0;0|0;0|0;0|0;0|0;0|0;0|0;0|0;0|0;0|0;0|0;0|0;0|0;0|0;0|0;0|0;0|0;0|0;0|0;0|0;0|0;0|0;0|0;0|0;0|0;0|0;0|0;0|0;0|0;0|0;0|0;0|0;0|0;0|0;0|0;0|0;0|0;0|0;0|0;0|0;0|0;0|0;0|0;0|0;0|0;0|0;0|0;0|0;0|0;0|0;0|0;0|0;0|0;0|0;0|0;0|0;0|0;0|0;0|0;0|0;0|0;0|0;0|0;0|0;0|0;0|0;0|0;0|0;0|0;0|0;0|0;0|0;0|0;0|0;0|9382;0|9382;0|9382;0|9382;0|9382;0|9382;0|9382;0|9382;0|9382;0|9382;0|9382;0|9382;0|9382;0|9382;0|9382;0|9382;0|9382;0|9382;0|9382;0|9382;0|9382;0|9382;0|9382;0|9382;0|9382;0|9382;0|9382;0|9382;0|9382;0|9382;0|9382;0|9382;0|9382;0|9382;0|9382;0|9382;0|9382;0|9382;0|9382;0|9382;0|9382;0|9382;0|9382;0|9382;0|9382;0|9382;0|9382;0|9382;0|9382;0|9382;0|9382;0|9382;0|9382;0|9382;0|9382;0|9382;0|9382;0|9382;0|9382;0|9382;0|9382;0|9382;0|9382;0|9382;0|9382;0|9382;0|9382;0|9382;0|9382;0|9382;0|9382;0|9382;0|9382;0|9382;0|9382;0|9382;0|9382;0|9382;0|9382;0|0;0|0;0|0;0|0;0|0;0|0;0|0;0|0;0|0;0|0;0|0;0|0;0|0;0|0;0|0;0|0;0|0;0|0;0|0;0|0;0|0;0|0;0|0;0|0;0|0;0|0;0|0;0|0;0|0;0|0;0|0;0|0;0|0;0|0;0|0;0|0;0|0;0|0;0|0;0|0;0|0;0|0;0|0;0|0;0|0;0|0;0|0;0|0;0|0;0|0;0|0;0|0;0|0;0|0;0|0;0|0;0|0;0|0;0|0;0|0;0|0;0|0;0|0;0|0;0|0;0
paddy_harvestor_53,1,0;0|0;0|0;0|0;0|0;0|0;0|0;0|0;0|0;0|0;0|0;0|0;0|0;0|0;0|0;0|0;0|0;0|0;0|0;0|0;0|0;0|0;0|0;0|0;0|0;0|0;0|0;0|0;0|0;0|0;0|0;0|0;0|0;0|0;0|0;0|0;0|0;0|0;0|0;0|0;0|0;0|0;0|0;0|0;0|0;0|0;0|0;0|0;0|0;0|0;0|0;0|0;0|0;0|0;0|0;0|0;0|0;0|0;0|0;0|0;0|0;0|0;0|0;0|0;0|0;0|0;0|0;0|0;0|0;0|0;0|0;0|0;0|0;0|0;0|0;0|0;0|0;0|0;0|0;0|0;0|0;0|0;0|0;0|0;0|0;0|0;0|0;0|0;0|0;0|0;0|0;0|0;0|0;0|0;0|0;0|0;0|0;0|0;0|0;0|0;0|0;0|0;0|0;0|0;0|0;0|0;0|0;0|0;0|0;0|0;0|0;0|0;0|0;0|0;0|0;0|0;0|0;0|0;0|0;0|0;0|0;0|0;0|0;0|0;0|0;0|0;0|0;0|0;0|0;0|0;0|0;0|0;0|0;0|0;0|0;0|0;0|0;0|0;0|0;0|0;0|0;0|0;0|0;0|0;0|5685;0|5685;0|5685;0|5685;0|5685;0|5685;0|5685;0|5685;0|5685;0|5685;0|5685;0|5685;0|5685;0|5685;0|5685;0|5685;0|5685;0|5685;0|5685;0|5685;0|5685;0|5685;0|5685;0|5685;0|5685;0|5685;0|5685;0|5685;0|5685;0|5685;0|5685;0|5685;0|5685;0|5685;0|5685;0|5685;0|5685;0|5685;0|5685;0|5685;0|5685;0|5685;0|5685;0|5685;0|5685;0|5685;0|5685;0|5685;0|5685;0|5685;0|5685;0|5685;0|5685;0|5685;0|5685;0|5685;0|5685;0|5685;0|5685;0|5685;0|5685;0|5685;0|5685;0|5685;0|5685;0|5685;0|5685;0|5685;0|5685;0|5685;0|5685;0|5685;0|5685;0|5685;0|5685;0|5685;0|0;0|0;0|0;0|0;0|0;0|0;0|0;0|0;0|0;0|0;0|0;0|0;0|0;0|0;0|0;0|0;0|0;0|0;0|0;0|0;0|0;0|0;0|0;0|0;0|0;0|0;0|0;0|0;0|0;0|0;0|0;0|0;0|0;0|0;0|0;0|0;0|0;0|0;0|0;0|0;0|0;0|0;0|0;0|0;0|0;0|0;0|0;0|0;0|0;0|0;0|0;0|0;0|0;0|0;0|0;0|0;0|0;0|0;0|0;0|0;0|0;0|0;0|0;0|0;0|0;0|0;0|0;0|0;0
wheat_1_harvestor_142,1,13086;0|13086;0|13086;0|13086;0|13086;0|13086;0|13086;0|13086;0|13086;0|13086;0|13086;0|13086;0|13086;0|13086;0|13086;0|13086;0|13086;0|13086;0|13086;0|13086;0|13086;0|13086;0|13086;0|13086;0|13086;0|13086;0|13086;0|13086;0|13086;0|13086;0|13086;0|13086;0|13086;0|13086;0|13086;0|13086;0|13086;0|13086;0|13086;0|13086;0|13086;0|13086;0|13086;0|13086;0|13086;0|13086;0|13086;0|13086;0|13086;0|13086;0|13086;0|13086;0|13086;0|13086;0|13086;0|13086;0|13086;0|13086;0|13086;0|13086;0|13086;0|13086;0|13086;0|13086;0|13086;0|13086;0|13086;0|13086;0|13086;0|13086;0|13086;0|13086;0|13086;0|13086;0|13086;0|13086;0|13086;0|13086;0|13086;0|13086;0|13086;0|13086;0|13086;0|13086;0|13086;0|13086;0|13086;0|13086;0|13086;0|13086;0|13086;0|13086;0|13086;0|13086;0|13086;0|13086;0|13086;0|13086;0|13086;0|13086;0|13086;0|13086;0|13086;0|13086;0|13086;0|13086;0|13086;0|13086;0|13086;0|13086;0|13086;0|13086;0|13086;0|13086;0|13086;0|13086;0|13086;0|13086;0|13086;0|13086;0|13086;0|13086;0|13086;0|13086;0|13086;0|13086;0|13086;0|13086;0|13086;0|13086;0|13086;0|13086;0|13086;0|13086;0|13086;0|13086;0|13086;0|13086;0|13086;0|13086;0|13086;0|13086;0|13086;0|13086;0|13086;0|13086;0|13086;0|13086;0|13086;0|13086;0|13086;0|13086;0|13086;0|13086;0|13086;0|13086;0|13086;0|13086;0|13086;0|13086;0|13086;0|13086;0|13086;0|13086;0|13086;0|13086;0|13086;0|13086;0|13086;0|13086;0|13086;0|13086;0|13086;0|13086;0|13086;0|13086;0|13086;0|13086;0|13086;0|13086;0|13086;0|13086;0|13086;0|13086;0|13086;0|13086;0|13086;0|13086;0|13086;0|13086;0|13086;0|13086;0|13086;0|13086;0|13086;0|13086;0|13086;0|13086;0|13086;0|13086;0|13086;0|13086;0|13086;0|13086;0|13086;0|13086;0|13086;0|13086;0|13086;0|13086;0|13086;0|13086;0|13086;0|13086;0|13086;0|13086;0|13086;0|13086;0|13086;0|13086;0|13086;0|13086;0|13086;0|13086;0|13086;0|13086;0|13086;0|13086;0|13086;0|13086;0|13086;0|13086;0|13086;0|13086;0|13086;0|13086;0|13086;0|13086;0|13086;0|13086;0|13086;0|13086;0|13086;0|13086;0|13086;0|13086;0|13086;0|13086;0|13086;0|13086;0|13086;0|13086;0|13086;0|13086;0|13086;0|13086;0|13086;0|13086;0|13086;0|13086;0|13086;0|13086;0|13086;0|13086;0|13086;0|13086;0|13086;0|13086;0|13086;0|13086;0|13086;0|13086;0|13086;0|13086;0|13086;0|13086;0|13086;0|13086;0|13086;0|13086;0|13086;0|13086;0|13086;0|13086;0|13086;0|13086;0|13086;0|13086;0
paddy_harvestor_89,1,0;0|0;0|0;0|0;0|0;0|0;0|0;0|0;0|0;0|0;0|0;0|0;0|0;0|0;0|0;0|0;0|0;0|0;0|0;0|0;0|0;0|0;0|0;0|0;0|0;0|0;0|0;0|0;0|0;0|0;0|0;0|0;0|0;0|0;0|0;0|0;0|0;0|0;0|0;0|0;0|0;0|0;0|0;0|0;0|0;0|0;0|0;0|0;0|0;0|0;0|0;0|0;0|0;0|0;0|0;0|0;0|0;0|0;0|0;0|0;0|0;0|0;0|0;0|0;0|0;0|0;0|0;0|0;0|0;0|0;0|0;0|0;0|0;0|0;0|0;0|0;0|0;0|0;0|0;0|0;0|0;0|0;0|0;0|0;0|0;0|0;0|0;0|0;0|0;0|0;0|0;0|0;0|0;0|0;0|0;0|0;0|0;0|0;0|0;0|0;0|0;0|0;0|0;0|0;0|0;0|0;0|0;0|0;0|0;0|0;0|0;0|0;0|0;0|0;0|0;0|0;0|0;0|0;0|0;0|0;0|0;0|0;0|0;0|0;0|0;0|0;0|0;0|0;0|0;0|0;0|0;0|0;0|0;0|0;0|0;0|0;0|0;0|0;0|0;0|0;0|0;0|0;0|0;0|0;0|26807;0|26807;0|26807;0|26807;0|26807;0|26807;0|26807;0|26807;0|26807;0|26807;0|26807;0|26807;0|26807;0|26807;0|26807;0|26807;0|26807;0|26807;0|26807;0|26807;0|26807;0|26807;0|26807;0|26807;0|26807;0|26807;0|26807;0|26807;0|26807;0|26807;0|26807;0|26807;0|26807;0|26807;0|26807;0|26807;0|26807;0|26807;0|26807;0|26807;0|26807;0|26807;0|26807;0|26807;0|26807;0|26807;0|26807;0|26807;0|26807;0|26807;0|26807;0|26807;0|26807;0|26807;0|26807;0|26807;0|26807;0|26807;0|26807;0|26807;0|26807;0|26807;0|26807;0|26807;0|26807;0|26807;0|0;0|0;0|0;0|0;0|0;0|0;0|0;0|0;0|0;0|0;0|0;0|0;0|0;0|0;0|0;0|0;0|0;0|0;0|0;0|0;0|0;0|0;0|0;0|0;0|0;0|0;0|0;0|0;0|0;0|0;0|0;0|0;0|0;0|0;0|0;0|0;0|0;0|0;0|0;0|0;0|0;0|0;0|0;0|0;0|0;0|0;0|0;0|0;0|0;0|0;0|0;0|0;0|0;0|0;0|0;0|0;0|0;0|0;0|0;0|0;0|0;0|0;0|0;0|0;0|0;0|0;0|0;0|0;0|0;0|0;0|0;0|0;0|0;0|0;0|0;0|0;0|0;0|0;0
paddy_harvestor_24,1,0;0|0;0|0;0|0;0|0;0|0;0|0;0|0;0|0;0|0;0|0;0|0;0|0;0|0;0|0;0|0;0|0;0|0;0|0;0|0;0|0;0|0;0|0;0|0;0|0;0|0;0|0;0|0;0|0;0|0;0|0;0|0;0|0;0|0;0|0;0|0;0|0;0|0;0|0;0|0;0|0;0|0;0|0;0|0;0|0;0|0;0|0;0|0;0|0;0|0;0|0;0|0;0|0;0|0;0|0;0|0;0|0;0|0;0|0;0|0;0|0;0|0;0|0;0|0;0|0;0|0;0|0;0|0;0|0;0|0;0|0;0|0;0|0;0|0;0|0;0|0;0|0;0|0;0|0;0|0;0|0;0|0;0|0;0|0;0|0;0|0;0|0;0|0;0|0;0|0;0|0;0|0;0|0;0|0;0|0;0|0;0|0;0|0;0|0;0|0;0|0;0|0;0|0;0|0;0|0;0|0;0|0;0|0;0|0;0|0;0|0;0|0;0|0;0|0;0|0;0|0;0|0;0|0;0|0;0|0;0|0;0|0;0|0;0|0;0|0;0|0;0|0;0|0;0|0;0|0;0|0;0|0;0|0;0|0;0|0;0|0;0|0;0|0;0|0;0|0;0|0;0|0;0|0;0|0;0|7518;0|7518;0|7518;0|7518;0|7518;0|7518;0|7518;0|7518;0|7518;0|7518;0|7518;0|7518;0|7518;0|7518;0|7518;0|7518;0|7518;0|7518;0|7518;0|7518;0|7518;0|7518;0|7518;0|7518;0|7518;0|7518;0|7518;0|7518;0|7518;0|7518;0|7518;0|7518;0|7518;0|7518;0|7518;0|7518;0|7518;0|7518;0|7518;0|7518;0|7518;0|7518;0|7518;0|7518;0|7518;0|7518;0|7518;0|7518;0|7518;0|7518;0|7518;0|7518;0|7518;0|7518;0|7518;0|7518;0|7518;0|7518;0|7518;0|7518;0|7518;0|7518;0|7518;0|7518;0|7518;0|7518;0|7518;0|7518;0|7518;0|7518;0|7518;0|7518;0|7518;0|7518;0|7518;0|7518;0|7518;0|7518;0|7518;0|7518;0|7518;0|7518;0|7518;0|7518;0|7518;0|7518;0|7518;0|7518;0|7518;0|7518;0|7518;0|7518;0|7518;0|7518;0|7518;0|0;0|0;0|0;0|0;0|0;0|0;0|0;0|0;0|0;0|0;0|0;0|0;0|0;0|0;0|0;0|0;0|0;0|0;0|0;0|0;0|0;0|0;0|0;0|0;0|0;0|0;0|0;0|0;0|0;0|0;0|0;0|0;0|0;0|0;0|0;0|0;0|0;0|0;0|0;0|0;0|0;0|0;0|0;0|0;0|0;0|0;0|0;0|0;0|0;0
paddy_harvestor_88,1,0;0|0;0|0;0|0;0|0;0|0;0|0;0|0;0|0;0|0;0|0;0|0;0|0;0|0;0|0;0|0;0|0;0|0;0|0;0|0;0|0;0|0;0|0;0|0;0|0;0|0;0|0;0|0;0|0;0|0;0|0;0|0;0|0;0|0;0|0;0|0;0|0;0|0;0|0;0|0;0|0;0|0;0|0;0|0;0|0;0|0;0|0;0|0;0|0;0|0;0|0;0|0;0|0;0|0;0|0;0|0;0|0;0|0;0|0;0|0;0|0;0|0;0|0;0|0;0|0;0|0;0|0;0|0;0|0;0|0;0|0;0|0;0|0;0|0;0|0;0|0;0|0;0|0;0|0;0|0;0|0;0|0;0|0;0|0;0|0;0|0;0|0;0|0;0|0;0|0;0|0;0|0;0|0;0|0;0|0;0|0;0|0;0|0;0|0;0|0;0|0;0|0;0|0;0|0;0|0;0|0;0|0;0|0;0|0;0|0;0|0;0|0;0|0;0|0;0|0;0|0;0|0;0|0;0|0;0|0;0|0;0|0;0|0;0|0;0|0;0|0;0|0;0|0;0|0;0|0;0|0;0|0;0|0;0|0;0|0;0|0;0|0;0|0;0|0;0|0;0|0;0|0;0|0;0|0;0|10111;0|10111;0|10111;0|10111;0|10111;0|10111;0|10111;0|10111;0|10111;0|10111;0|10111;0|10111;0|10111;0|10111;0|10111;0|10111;0|10111;0|10111;0|10111;0|10111;0|10111;0|10111;0|10111;0|10111;0|10111;0|10111;0|10111;0|10111;0|10111;0|10111;0|10111;0|10111;0|10111;0|10111;0|10111;0|10111;0|10111;0|10111;0|10111;0|10111;0|10111;0|10111;0|10111;0|10111;0|10111;0|10111;0|10111;0|10111;0|10111;0|10111;0|10111;0|10111;0|10111;0|10111;0|10111;0|10111;0|10111;0|10111;0|10111;0|10111;0|10111;0|10111;0|10111;0|10111;0|10111;0|10111;0|10111;0|10111;0|10111;0|10111;0|10111;0|10111;0|10111;0|10111;0|10111;0|10111;0|10111;0|10111;0|10111;0|0;0|0;0|0;0|0;0|0;0|0;0|0;0|0;0|0;0|0;0|0;0|0;0|0;0|0;0|0;0|0;0|0;0|0;0|0;0|0;0|0;0|0;0|0;0|0;0|0;0|0;0|0;0|0;0|0;0|0;0|0;0|0;0|0;0|0;0|0;0|0;0|0;0|0;0|0;0|0;0|0;0|0;0|0;0|0;0|0;0|0;0|0;0|0;0|0;0|0;0|0;0|0;0|0;0|0;0|0;0|0;0|0;0|0;0|0;0|0;0|0;0|0;0|0;0|0;0|0;0
paddy_harvestor_9,1,0;0|0;0|0;0|0;0|0;0|0;0|0;0|0;0|0;0|0;0|0;0|0;0|0;0|0;0|0;0|0;0|0;0|0;0|0;0|0;0|0;0|0;0|0;0|0;0|0;0|0;0|0;0|0;0|0;0|0;0|0;0|0;0|0;0|0;0|0;0|0;0|0;0|0;0|0;0|0;0|0;0|0;0|0;0|0;0|0;0|0;0|0;0|0;0|0;0|0;0|0;0|0;0|0;0|0;0|0;0|0;0|0;0|0;0|0;0|0;0|0;0|0;0|0;0|0;0|0;0|0;0|0;0|0;0|0;0|0;0|0;0|0;0|0;0|0;0|0;0|0;0|0;0|0;0|0;0|0;0|0;0|0;0|0;0|0;0|0;0|0;0|0;0|0;0|0;0|0;0|0;0|0;0|0;0|0;0|0;0|0;0|0;0|0;0|0;0|0;0|0;0|0;0|0;0|0;0|0;0|0;0|0;0|0;0|0;0|0;0|0;0|0;0|0;0|0;0|0;0|0;0|0;0|0;0|0;0|0;0|0;0|0;0|0;0|0;0|0;0|0;0|0;0|0;0|0;0|0;0|0;0|0;0|0;0|0;0|0;0|0;0|0;0|0;0|0;0|0;0|0;0|0;0|0;0|0;0|10119;0|10119;0|10119;0|10119;0|10119;0|10119;0|10119;0|10119;0|10119;0|10119;0|10119;0|10119;0|10119;0|10119;0|10119;0|10119;0|10119;0|10119;0|10119;0|10119;0|10119;0|10119;0|10119;0|10119;0|10119;0|10119;0|10119;0|10119;0|10119;0|10119;0|10119;0|10119;0|10119;0|10119;0|10119;0|10119;0|10119;0|10119;0|10119;0|10119;0|10119;0|10119;0|10119;0|10119;0|10119;0|10119;0|10119;0|10119;0|10119;0|10119;0|10119;0|10119;0|10119;0|10119;0|10119;0|10119;0|10119;0|10119;0|10119;0|10119;0|10119;0|10119;0|10119;0|10119;0|10119;0|10119;0|10119;0|10119;0|10119;0|10119;0|10119;0|10119;0|10119;0|10119;0|10119;0|10119;0|10119;0|10119;0|10119;0|10119;0|10119;0|10119;0|10119;0|10119;0|10119;0|10119;0|10119;0|10119;0|10119;0|10119;0|10119;0|10119;0|10119;0|10119;0|10119;0|10119;0|10119;0|10119;0|10119;0|10119;0|10119;0|10119;0|10119;0|10119;0|10119;0|10119;0|10119;0|10119;0|10119;0|10119;0|10119;0|10119;0|10119;0|10119;0|10119;0|10119;0|10119;0|10119;0|10119;0|10119;0|10119;0|10119;0|10119;0|10119;0|10119;0|10119;0|10119;0|10119;0|10119;0|10119;0|10119;0|10119;0|10119;0|10119;0|10119;0|10119;0|10119;0|10119;0|10119;0|10119;0|10119;0|10119;0|10119;0|10119;0
paddy_harvestor_99,1,0;0|0;0|0;0|0;0|0;0|0;0|0;0|0;0|0;0|0;0|0;0|0;0|0;0|0;0|0;0|0;0|0;0|0;0|0;0|0;0|0;0|0;0|0;0|0;0|0;0|0;0|0;0|0;0|0;0|0;0|0;0|0;0|0;0|0;0|0;0|0;0|0;0|0;0|0;0|0;0|0;0|0;0|0;0|0;0|0;0|0;0|0;0|0;0|0;0|0;0|0;0|0;0|0;0|0;0|0;0|0;0|0;0|0;0|0;0|0;0|0;0|0;0|0;0|0;0|0;0|0;0|0;0|0;0|0;0|0;0|0;0|0;0|0;0|0;0|0;0|0;0|0;0|0;0|0;0|0;0|0;0|0;0|0;0|0;0|0;0|0;0|0;0|0;0|0;0|0;0|0;0|0;0|0;0|0;0|0;0|0;0|0;0|0;0|0;0|0;0|0;0|0;0|0;0|0;0|0;0|0;0|0;0|0;0|0;0|0;0|0;0|0;0|0;0|0;0|0;0|0;0|0;0|0;0|0;0|0;0|0;0|0;0|0;0|0;0|0;0|0;0|0;0|0;0|0;0|0;0|0;0|0;0|0;0|0;0|0;0|0;0|0;0|0;0|0;0|0;0|0;0|0;0|0;0|0;0|8828;0|8828;0|8828;0|8828;0|8828;0|8828;0|8828;0|8828;0|8828;0|8828;0|8828;0|8828;0|8828;0|8828;0|8828;0|8828;0|8828;0|8828;0|8828;0|8828;0|8828;0|8828;0|8828;0|8828;0|8828;0|8828;0|8828;0|8828;0|8828;0|8828;0|8828;0|8828;0|8828;0|8828;0|8828;0|8828;0|8828;0|8828;0|8828;0|8828;0|8828;0|8828;0|8828;0|8828;0|8828;0|8828;0|8828;0|8828;0|8828;0|8828;0|8828;0|8828;0|8828;0|8828;0|8828;0|8828;0|8828;0|8828;0|8828;0|8828;0|8828;0|8828;0|8828;0|8828;0|8828;0|8828;0|8828;0|8828;0|8828;0|8828;0|8828;0|8828;0|8828;0|8828;0|8828;0|8828;0|8828;0|8828;0|8828;0|8828;0|8828;0|8828;0|8828;0|8828;0|8828;0|8828;0|8828;0|8828;0|8828;0|8828;0|8828;0|8828;0|8828;0|8828;0|8828;0|8828;0|8828;0|8828;0|8828;0|8828;0|8828;0|8828;0|8828;0|8828;0|8828;0|8828;0|8828;0|8828;0|8828;0|8828;0|8828;0|8828;0|8828;0|8828;0|8828;0|8828;0|8828;0|8828;0|8828;0|8828;0|8828;0|8828;0|8828;0|8828;0|8828;0|8828;0|8828;0|8828;0|8828;0|8828;0|8828;0|8828;0|8828;0|8828;0|8828;0|8828;0|8828;0|8828;0|8828;0|8828;0|8828;0|8828;0|8828;0|8828;0
corn_harvestor_112,1,0;0|0;0|0;0|0;0|0;0|0;0|0;0|0;0|0;0|0;0|0;0|0;0|0;0|0;0|0;0|0;0|0;0|0;0|0;0|0;0|0;0|0;0|0;0|0;0|0;0|0;0|0;0|0;0|0;0|0;0|0;0|0;0|0;0|0;0|0;0|0;0|0;0|0;0|0;0|0;0|0;0|0;0|0;0|0;0|0;0|0;0|0;0|0;0|0;0|0;0|0;0|0;0|0;0|0;0|0;0|0;0|0;0|0;0|0;0|0;0|0;0|0;0|0;0|0;0|0;0|0;0|0;0|0;0|0;0|0;0|0;0|0;0|25869;0|25869;0|25869;0|25869;0|25869;0|25869;0|25869;0|25869;0|25869;0|25869;0|25869;0|25869;0|25869;0|25869;0|25869;0|25869;0|25869;0|25869;0|25869;0|25869;0|25869;0|25869;0|25869;0|25869;0|25869;0|25869;0|25869;0|25869;0|25869;0|25869;0|25869;0|25869;0|25869;0|25869;0|25869;0|25869;0|25869;0|25869;0|25869;0|25869;0|25869;0|25869;0|25869;0|25869;0|25869;0|25869;0|25869;0|25869;0|25869;0|25869;0|25869;0|25869;0|25869;0|25869;0|25869;0|25869;0|25869;0|25869;0|25869;0|25869;0|25869;0|25869;0|25869;0|25869;0|25869;0|25869;0|25869;0|25869;0|25869;0|25869;0|25869;0|25869;0|25869;0|25869;0|25869;0|25869;0|25869;0|25869;0|25869;0|25869;0|25869;0|25869;0|25869;0|25869;0|25869;0|25869;0|25869;0|25869;0|25869;0|25869;0|25869;0|25869;0|25869;0|25869;0|25869;0|25869;0|25869;0|25869;0|25869;0|25869;0|25869;0|25869;0|25869;0|25869;0|25869;0|25869;0|25869;0|25869;0|25869;0|25869;0|25869;0|25869;0|25869;0|25869;0|25869;0|25869;0|25869;0|25869;0|25869;0|25869;0|25869;0|25869;0|25869;0|25869;0|25869;0|25869;0|25869;0|25869;0|25869;0|25869;0|25869;0|25869;0|25869;0|25869;0|25869;0|25869;0|25869;0|25869;0|25869;0|25869;0|25869;0|25869;0|25869;0|25869;0|25869;0|25869;0|25869;0|25869;0|25869;0|25869;0|25869;0|25869;0|25869;0|25869;0|25869;0|25869;0|25869;0|25869;0|25869;0|25869;0|25869;0|25869;0|25869;0|25869;0|25869;0|25869;0|25869;0|25869;0|25869;0|25869;0|25869;0|25869;0|25869;0|25869;0|25869;0|25869;0|25869;0|25869;0|25869;0|25869;0|25869;0|25869;0|25869;0|25869;0|25869;0|25869;0|25869;0|25869;0|25869;0|25869;0|25869;0|25869;0|25869;0|25869;0|25869;0|25869;0|25869;0|25869;0|25869;0|25869;0|25869;0|25869;0|25869;0|25869;0|25869;0|25869;0|25869;0|25869;0|25869;0|25869;0|25869;0|25869;0|25869;0|25869;0|25869;0|25869;0
paddy_harvestor_92,1,0;0|0;0|0;0|0;0|0;0|0;0|0;0|0;0|0;0|0;0|0;0|0;0|0;0|0;0|0;0|0;0|0;0|0;0|0;0|0;0|0;0|0;0|0;0|0;0|0;0|0;0|0;0|0;0|0;0|0;0|0;0|0;0|0;0|0;0|0;0|0;0|0;0|0;0|0;0|0;0|0;0|0;0|0;0|0;0|0;0|0;0|0;0|0;0|0;0|0;0|0;0|0;0|0;0|0;0|0;0|0;0|0;0|0;0|0;0|0;0|0;0|0;0|0;0|0;0|0;0|0;0|0;0|0;0|0;0|0;0|0;0|0;0|0;0|0;0|0;0|0;0|0;0|0;0|0;0|0;0|0;0|0;0|0;0|0;0|0;0|0;0|0;0|0;0|0;0|0;0|0;0|0;0|0;0|0;0|0;0|0;0|0;0|0;0|0;0|0;0|0;0|0;0|0;0|0;0|0;0|0;0|0;0|0;0|0;0|0;0|0;0|0;0|0;0|0;0|0;0|0;0|0;0|0;0|0;0|0;0|0;0|0;0|0;0|0;0|0;0|0;0|0;0|0;0|0;0|0;0|0;0|0;0|0;0|0;0|0;0|0;0|0;0|0;0|0;0|0;0|0;0|0;0|0;0|0;0|70;0|70;0|70;0|70;0|70;0|70;0|70;0|70;0|70;0|70;0|70;0|70;0|70;0|70;0|70;0|70;0|70;0|70;0|70;0|70;0|70;0|70;0|70;0|70;0|70;0|70;0|70;0|70;0|70;0|70;0|70;0|70;0|70;0|70;0|70;0|70;0|70;0|70;0|70;0|70;0|70;0|70;0|70;0|70;0|70;0|70;0|70;0|70;0|70;0|70;0|70;0|70;0|70;0|70;0|70;0|70;0|70;0|70;0|70;0|70;0|70;0|70;0|70;0|70;0|70;0|70;0|70;0|70;0|70;0|70;0|70;0|70;0|70;0|70;0|70;0|70;0|70;0|70;0|70;0|70;0|70;0|70;0|70;0|70;0|70;0|70;0|0;0|0;0|0;0|0;0|0;0|0;0|0;0|0;0|0;0|0;0|0;0|0;0|0;0|0;0|0;0|0;0|0;0|0;0|0;0|0;0|0;0|0;0|0;0|0;0|0;0|0;0|0;0|0;0|0;0|0;0|0;0|0;0|0;0|0;0|0;0|0;0|0;0|0;0|0;0|0;0|0;0|0;0|0;0|0;0|0;0|0;0|0;0|0;0|0;0|0;0|0;0|0;0|0;0|0;0|0;0|0;0|0;0|0;0
paddy_harvestor_1,1,0;0|0;0|0;0|0;0|0;0|0;0|0;0|0;0|0;0|0;0|0;0|0;0|0;0|0;0|0;0|0;0|0;0|0;0|0;0|0;0|0;0|0;0|0;0|0;0|0;0|0;0|0;0|0;0|0;0|0;0|0;0|0;0|0;0|0;0|0;0|0;0|0;0|0;0|0;0|0;0|0;0|0;0|0;0|0;0|0;0|0;0|0;0|0;0|0;0|0;0|0;0|0;0|0;0|0;0|0;0|0;0|0;0|0;0|0;0|0;0|0;0|0;0|0;0|0;0|0;0|0;0|0;0|0;0|0;0|0;0|0;0|0;0|0;0|0;0|0;0|0;0|0;0|0;0|0;0|0;0|0;0|0;0|0;0|0;0|0;0|0;0|0;0|0;0|0;0|0;0|0;0|0;0|0;0|0;0|0;0|0;0|0;0|0;0|0;0|0;0|0;0|0;0|0;0|0;0|0;0|0;0|0;0|0;0|0;0|0;0|0;0|0;0|0;0|0;0|0;0|0;0|0;0|0;0|0;0|0;0|0;0|0;0|0;0|0;0|0;0|0;0|0;0|0;0|0;0|0;0|0;0|0;0|0;0|0;0|0;0|0;0|0;0|0;0|0;0|0;0|0;0|0;0|0;0|0;0|3827;0|3827;0|3827;0|3827;0|3827;0|3827;0|3827;0|3827;0|3827;0|3827;0|3827;0|3827;0|3827;0|3827;0|3827;0|3827;0|3827;0|3827;0|3827;0|3827;0|3827;0|3827;0|3827;0|3827;0|3827;0|3827;0|3827;0|3827;0|3827;0|3827;0|3827;0|3827;0|3827;0|3827;0|3827;0|3827;0|3827;0|3827;0|3827;0|3827;0|3827;0|3827;0|3827;0|3827;0|3827;0|3827;0|3827;0|3827;0|3827;0|3827;0|3827;0|3827;0|3827;0|3827;0|3827;0|3827;0|3827;0|3827;0|3827;0|3827;0|3827;0|3827;0|3827;0|3827;0|3827;0|3827;0|0;0|0;0|0;0|0;0|0;0|0;0|0;0|0;0|0;0|0;0|0;0|0;0|0;0|0;0|0;0|0;0|0;0|0;0|0;0|0;0|0;0|0;0|0;0|0;0|0;0|0;0|0;0|0;0|0;0|0;0|0;0|0;0|0;0|0;0|0;0|0;0|0;0|0;0|0;0|0;0|0;0|0;0|0;0|0;0|0;0|0;0|0;0|0;0|0;0|0;0|0;0|0;0|0;0|0;0|0;0|0;0|0;0|0;0|0;0|0;0|0;0|0;0|0;0|0;0|0;0|0;0|0;0|0;0|0;0|0;0|0;0|0;0|0;0|0;0|0;0|0;0|0;0|0;0
wheat_1_harvestor_134,1,0;0|0;0|0;0|0;0|0;0|0;0|0;0|0;0|0;0|0;0|0;0|0;0|0;0|0;0|0;0|0;0|0;0|0;0|0;0|0;0|0;0|0;0|0;0|0;0|0;0|0;0|0;0|0;0|0;0|0;0|0;0|0;0|0;0|0;0|0;0|0;0|0;0|0;0|0;0|0;0|0;0|0;0|0;0|0;0|0;0|0;0|0;0|0;0|0;0|0;0|0;0|0;0|0;0|0;0|0;0|0;0|0;0|0;0|0;0|0;0|0;0|0;0|0;0|0;0|0;0|0;0|0;0|0;0|0;0|0;0|0;0|0;0|0;0|0;0|0;0|0;0|0;0|0;0|0;0|0;0|0;0|0;0|0;0|0;0|0;0|0;0|0;0|0;0|0;0|0;0|0;0|0;0|0;0|0;0|0;0|0;0|0;0|0;0|0;0|0;0|0;0|0;0|0;0|0;0|0;0|0;0|0;0|0;0|0;0|0;0|0;0|0;0|0;0|0;0|0;0|0;0|0;0|0;0|0;0|0;0|0;0|0;0|0;0|0;0|0;0|0;0|0;0|0;0|0;0|0;0|0;0|0;0|0;0|0;0|0;0|0;0|0;0|0;0|0;0|0;0|0;0|0;0|0;0|0;0|0;0|0;0|0;0|0;0|0;0|0;0|0;0|0;0|0;0|0;0|0;0|0;0|0;0|0;0|0;0|0;0|0;0|0;0|0;0|0;0|0;0|0;0|0;0|0;0|0;0|0;0|0;0|0;0|0;0|0;0|0;0|0;0|0;0|0;0|0;0|0;0|0;0|0;0|0;0|0;0|0;0|0;0|0;0|0;0|0;0|0;0|0;0|0;0|0;0|0;0|0;0|0;0|0;0|0;0|0;0|0;0|0;0|0;0|0;0|0;0|0;0|0;0|0;0|0;0|19933;0|19933;0|19933;0|19933;0|19933;0|19933;0|19933;0|19933;0|19933;0|19933;0|19933;0|19933;0|19933;0|19933;0|19933;0|19933;0|19933;0|19933;0|19933;0|19933;0|19933;0|19933;0|19933;0|19933;0|19933;0|19933;0|19933;0|19933;0|19933;0|19933;0|19933;0|19933;0|19933;0|19933;0|19933;0|19933;0|19933;0|19933;0|19933;0|19933;0|19933;0|19933;0|19933;0|19933;0|19933;0|19933;0|19933;0|19933;0|19933;0|0;0|0;0|0;0|0;0|0;0|0;0|0;0|0;0|0;0|0;0|0;0|0;0|0;0|0;0|0;0|0;0|0;0|0;0|0;0|0;0|0;0|0;0|0;0|0;0|0;0|0;0|0;0|0;0|0;0|0;0|0;0
paddy_harvestor_55,1,0;0|0;0|0;0|0;0|0;0|0;0|0;0|0;0|0;0|0;0|0;0|0;0|0;0|0;0|0;0|0;0|0;0|0;0|0;0|0;0|0;0|0;0|0;0|0;0|0;0|0;0|0;0|0;0|0;0|0;0|0;0|0;0|0;0|0;0|0;0|0;0|0;0|0;0|0;0|0;0|0;0|0;0|0;0|0;0|0;0|0;0|0;0|0;0|0;0|0;0|0;0|0;0|0;0|0;0|0;0|0;0|0;0|0;0|0;0|0;0|0;0|0;0|0;0|0;0|0;0|0;0|0;0|0;0|0;0|0;0|0;0|0;0|0;0|0;0|0;0|0;0|0;0|0;0|0;0|0;0|0;0|0;0|0;0|0;0|0;0|0;0|0;0|0;0|0;0|0;0|0;0|0;0|0;0|0;0|0;0|0;0|0;0|0;0|0;0|0;0|0;0|0;0|0;0|0;0|0;0|0;0|0;0|0;0|0;0|0;0|0;0|0;0|0;0|0;0|0;0|0;0|0;0|0;0|0;0|0;0|0;0|0;0|0;0|0;0|0;0|0;0|0;0|0;0|0;0|0;0|0;0|0;0|0;0|0;0|0;0|0;0|0;0|0;0|0;0|0;0|0;0|0;0|0;0|0;0|10303;0|10303;0|10303;0|10303;0|10303;0|10303;0|10303;0|10303;0|10303;0|10303;0|10303;0|10303;0|10303;0|10303;0|10303;0|10303;0|10303;0|10303;0|10303;0|10303;0|10303;0|10303;0|10303;0|10303;0|10303;0|10303;0|10303;0|10303;0|10303;0|10303;0|10303;0|10303;0|10303;0|10303;0|10303;0|10303;0|10303;0|10303;0|10303;0|10303;0|10303;0|10303;0|10303;0|10303;0|10303;0|10303;0|10303;0|10303;0|10303;0|10303;0|10303;0|10303;0|10303;0|10303;0|10303;0|10303;0|10303;0|10303;0|10303;0|10303;0|10303;0|10303;0|10303;0|10303;0|10303;0|10303;0|10303;0|10303;0|10303;0|10303;0|10303;0|10303;0|10303;0|10303;0|10303;0|10303;0|10303;0|10303;0|10303;0|10303;0|10303;0|10303;0|10303;0|10303;0|10303;0|10303;0|10303;0|10303;0|10303;0|10303;0|10303;0|10303;0|0;0|0;0|0;0|0;0|0;0|0;0|0;0|0;0|0;0|0;0|0;0|0;0|0;0|0;0|0;0|0;0|0;0|0;0|0;0|0;0|0;0|0;0|0;0|0;0|0;0|0;0|0;0|0;0|0;0|0;0|0;0|0;0|0;0|0;0|0;0|0;0|0;0|0;0|0;0|0;0|0;0|0;0|0;0|0;0|0;0|0;0|0;0|0;0|0;0|0;0|0;0|0;0
paddy_harvestor_10,1,0;0|0;0|0;0|0;0|0;0|0;0|0;0|0;0|0;0|0;0|0;0|0;0|0;0|0;0|0;0|0;0|0;0|0;0|0;0|0;0|0;0|0;0|0;0|0;0|0;0|0;0|0;0|0;0|0;0|0;0|0;0|0;0|0;0|0;0|0;0|0;0|0;0|0;0|0;0|0;0|0;0|0;0|0;0|0;0|0;0|0;0|0;0|0;0|0;0|0;0|0;0|0;0|0;0|0;0|0;0|0;0|0;0|0;0|0;0|0;0|0;0|0;0|0;0|0;0|0;0|0;0|0;0|0;0|0;0|0;0|0;0|0;0|0;0|0;0|0;0|0;0|0;0|0;0|0;0|0;0|0;0|0;0|0;0|0;0|0;0|0;0|0;0|0;0|0;0|0;0|0;0|0;0|0;0|0;0|0;0|0;0|0;0|0;0|0;0|0;0|0;0|0;0|0;0|0;0|0;0|0;0|0;0|0;0|0;0|0;0|0;0|0;0|0;0|0;0|0;0|0;0|0;0|0;0|0;0|0;0|0;0|0;0|0;0|0;0|0;0|0;0|0;0|0;0|0;0|0;0|0;0|0;0|0;0|0;0|0;0|0;0|0;0|0;0|0;0|0;0|0;0|0;0|0;0|0;0|2135;0|2135;0|2135;0|2135;0|2135;0|2135;0|2135;0|2135;0|2135;0|2135;0|2135;0|2135;0|2135;0|2135;0|2135;0|2135;0|2135;0|2135;0|2135;0|2135;0|2135;0|2135;0|2135;0|2135;0|2135;0|2135;0|2135;0|2135;0|2135;0|2135;0|2135;0|2135;0|2135;0|2135;0|2135;0|2135;0|2135;0|2135;0|2135;0|2135;0|2135;0|2135;0|2135;0|2135;0|2135;0|2135;0|2135;0|2135;0|2135;0|2135;0|2135;0|2135;0|2135;0|2135;0|2135;0|2135;0|2135;0|2135;0|2135;0|2135;0|2135;0|2135;0|2135;0|2135;0|2135;0|2135;0|2135;0|2135;0|2135;0|2135;0|2135;0|2135;0|2135;0|2135;0|2135;0|2135;0|2135;0|2135;0|2135;0|2135;0|2135;0|2135;0|2135;0|2135;0|2135;0|2135;0|2135;0|2135;0|2135;0|2135;0|2135;0|2135;0|2135;0|2135;0|2135;0|2320;0|2320;0|0;0|0;0|0;0|0;0|0;0|0;0|0;0|0;0|0;0|0;0|0;0|0;0|0;0|0;0|0;0|0;0|0;0|0;0|0;0|0;0|0;0|0;0|0;0|0;0|0;0|0;0|0;0|0;0|0;0|0;0|0;0|0;0|0;0|0;0|0;0|0;0|0;0|0;0|0;0|0;0|0;0|0;0|0;0|0;0|0;0|0;0|0;0
paddy_harvestor_66,1,0;0|0;0|0;0|0;0|0;0|0;0|0;0|0;0|0;0|0;0|0;0|0;0|0;0|0;0|0;0|0;0|0;0|0;0|0;0|0;0|0;0|0;0|0;0|0;0|0;0|0;0|0;0|0;0|0;0|0;0|0;0|0;0|0;0|0;0|0;0|0;0|0;0|0;0|0;0|0;0|0;0|0;0|0;0|0;0|0;0|0;0|0;0|0;0|0;0|0;0|0;0|0;0|0;0|0;0|0;0|0;0|0;0|0;0|0;0|0;0|0;0|0;0|0;0|0;0|0;0|0;0|0;0|0;0|0;0|0;0|0;0|0;0|0;0|0;0|0;0|0;0|0;0|0;0|0;0|0;0|0;0|0;0|0;0|0;0|0;0|0;0|0;0|0;0|0;0|0;0|0;0|0;0|0;0|0;0|0;0|0;0|0;0|0;0|0;0|0;0|0;0|0;0|0;0|0;0|0;0|0;0|0;0|0;0|0;0|0;0|0;0|0;0|0;0|0;0|0;0|0;0|0;0|0;0|0;0|0;0|0;0|0;0|0;0|0;0|0;0|0;0|0;0|0;0|0;0|0;0|0;0|0;0|0;0|0;0|0;0|0;0|0;0|0;0|0;0|0;0|0;0|0;0|0;0|0;0|0;0|0;0|0;0|0;0|0;0|13273;0|13273;0|13273;0|13273;0|13273;0|13273;0|13273;0|13273;0|13273;0|13273;0|13273;0|13273;0|13273;0|13273;0|13273;0|13273;0|13273;0|13273;0|13273;0|13273;0|13273;0|13273;0|13273;0|13273;0|13273;0|13273;0|13273;0|13273;0|13273;0|13273;0|13273;0|13273;0|13273;0|13273;0|13273;0|13273;0|13273;0|13273;0|13273;0|13273;0|13273;0|13273;0|13273;0|13273;0|13273;0|13273;0|13273;0|13273;0|13273;0|0;0|0;0|0;0|0;0|0;0|0;0|0;0|0;0|0;0|0;0|0;0|0;0|0;0|0;0|0;0|0;0|0;0|0;0|0;0|0;0|0;0|0;0|0;0|0;0|0;0|0;0|0;0|0;0|0;0|0;0|0;0|0;0|0;0|0;0|0;0|0;0|0;0|0;0|0;0|0;0|0;0|0;0|0;0|0;0|0;0|0;0|0;0|0;0|0;0|0;0|0;0|0;0|0;0|0;0|0;0|0;0|0;0|0;0|0;0|0;0|0;0|0;0|0;0|0;0|0;0|0;0|0;0|0;0|0;0|0;0|0;0|0;0|0;0|0;0|0;0|0;0|0;0|0;0|0;0|0;0|0;0|0;0|0;0|0;0|0;0|0;0|0;0|0;0|0;0|0;0
paddy_harvestor_46,1,0;0|0;0|0;0|0;0|0;0|0;0|0;0|0;0|0;0|0;0|0;0|0;0|0;0|0;0|0;0|0;0|0;0|0;0|0;0|0;0|0;0|0;0|0;0|0;0|0;0|0;0|0;0|0;0|0;0|0;0|0;0|0;0|0;0|0;0|0;0|0;0|0;0|0;0|0;0|0;0|0;0|0;0|0;0|0;0|0;0|0;0|0;0|0;0|0;0|0;0|0;0|0;0|0;0|0;0|0;0|0;0|0;0|0;0|0;0|0;0|0;0|0;0|0;0|0;0|0;0|0;0|0;0|0;0|0;0|0;0|0;0|0;0|0;0|0;0|0;0|0;0|0;0|0;0|0;0|0;0|0;0|0;0|0;0|0;0|0;0|0;0|0;0|0;0|0;0|0;0|0;0|0;0|0;0|0;0|0;0|0;0|0;0|0;0|0;0|0;0|0;0|0;0|0;0|0;0|0;0|0;0|0;0|0;0|0;0|0;0|0;0|0;0|0;0|0;0|0;0|0;0|0;0|0;0|0;0|0;0|0;0|0;0|0;0|0;0|0;0|0;0|0;0|0;0|0;0|0;0|0;0|0;0|0;0|0;0|0;0|0;0|0;0|0;0|0;0|0;0|0;0|0;0|0;0|0;0|0;0|0;0|0;0|0;0|0;0|0;0|0;0|0;0|0;0|0;0|0;0|0;0|0;0|0;0|0;0|0;0|0;0|0;0|0;0|0;0|4733;0|4733;0|4733;0|4733;0|4733;0|4733;0|4733;0|4733;0|4733;0|4733;0|4733;0|4733;0|4733;0|4733;0|4733;0|4733;0|4733;0|4733;0|4733;0|4733;0|4733;0|4733;0|4733;0|4733;0|4733;0|4733;0|4733;0|0;0|0;0|0;0|0;0|0;0|0;0|0;0|0;0|0;0|0;0|0;0|0;0|0;0|0;0|0;0|0;0|0;0|0;0|0;0|0;0|0;0|0;0|0;0|0;0|0;0|0;0|0;0|0;0|0;0|0;0|0;0|0;0|0;0|0;0|0;0|0;0|0;0|0;0|0;0|0;0|0;0|0;0|0;0|0;0|0;0|0;0|0;0|0;0|0;0|0;0|0;0|0;0|0;0|0;0|0;0|0;0|0;0|0;0|0;0|0;0|0;0|0;0|0;0|0;0|0;0|0;0|0;0|0;0|0;0|0;0|0;0|0;0|0;0|0;0|0;0|0;0|0;0|0;0|0;0|0;0|0;0|0;0|0;0|0;0|0;0|0;0|0;0|0;0|0;0|0;0|0;0|0;0|0;0|0;0|0;0|0;0|0;0
paddy_harvestor_93,1,0;0|0;0|0;0|0;0|0;0|0;0|0;0|0;0|0;0|0;0|0;0|0;0|0;0|0;0|0;0|0;0|0;0|0;0|0;0|0;0|0;0|0;0|0;0|0;0|0;0|0;0|0;0|0;0|0;0|0;0|0;0|0;0|0;0|0;0|0;0|0;0|0;0|0;0|0;0|0;0|0;0|0;0|0;0|0;0|0;0|0;0|0;0|0;0|0;0|0;0|0;0|0;0|0;0|0;0|0;0|0;0|0;0|0;0|0;0|0;0|0;0|0;0|0;0|0;0|0;0|0;0|0;0|0;0|0;0|0;0|0;0|0;0|0;0|0;0|0;0|0;0|0;0|0;0|0;0|0;0|0;0|0;0|0;0|0;0|0;0|0;0|0;0|0;0|0;0|0;0|0;0|0;0|0;0|0;0|0;0|0;0|0;0|0;0|0;0|0;0|0;0|0;0|0;0|0;0|0;0|0;0|0;0|0;0|0;0|0;0|0;0|0;0|0;0|0;0|0;0|0;0|0;0|0;0|0;0|0;0|0;0|0;0|0;0|0;0|0;0|0;0|0;0|0;0|0;0|0;0|0;0|0;0|0;0|0;0|0;0|0;0|0;0|0;0|0;0|0;0|0;0|0;0|0;0|0;0|0;0|0;0|0;0|0;0|0;0|0;0|0;0|0;0|0;0|0;0|0;0|0;0|0;0|7518;0|7518;0|7518;0|7518;0|7518;0|7518;0|7518;0|7518;0|7518;0|7518;0|7518;0|7518;0|7518;0|7518;0|7518;0|7518;0|7518;0|7518;0|7518;0|7518;0|7518;0|7518;0|7518;0|7518;0|7518;0|7518;0|7518;0|7518;0|7518;0|7518;0|7518;0|7518;0|7518;0|7518;0|7518;0|7518;0|7518;0|7518;0|7518;0|7518;0|7518;0|7518;0|7518;0|7518;0|7518;0|7518;0|7518;0|7518;0|7518;0|7518;0|7518;0|7518;0|7518;0|7518;0|7518;0|7518;0|7518;0|7518;0|7518;0|7518;0|7518;0|7518;0|7518;0|7518;0|7518;0|7518;0|7518;0|7518;0|7518;0|7518;0|7518;0|7518;0|7518;0|7518;0|7518;0|7518;0|7518;0|7518;0|7518;0|0;0|0;0|0;0|0;0|0;0|0;0|0;0|0;0|0;0|0;0|0;0|0;0|0;0|0;0|0;0|0;0|0;0|0;0|0;0|0;0|0;0|0;0|0;0|0;0|0;0|0;0|0;0|0;0|0;0|0;0|0;0|0;0|0;0|0;0|0;0|0;0|0;0|0;0|0;0|0;0|0;0|0;0|0;0|0;0|0;0|0;0|0;0|0;0|0;0|0;0|0;0|0;0
wheat_1_harvestor_126,1,0;0|0;0|0;0|0;0|0;0|0;0|0;0|0;0|0;0|0;0|0;0|0;0|0;0|0;0|0;0|0;0|0;0|0;0|0;0|0;0|0;0|0;0|0;0|0;0|0;0|0;0|0;0|0;0|0;0|0;0|0;0|0;0|0;0|0;0|0;0|0;0|0;0|0;0|0;0|0;0|0;0|0;0|0;0|0;0|0;0|0;0|0;0|0;0|0;0|0;0|0;0|0;0|0;0|0;0|0;0|0;0|0;0|0;0|0;0|0;0|0;0|0;0|0;0|0;0|0;0|0;0|0;0|0;0|0;0|0;0|0;0|0;0|0;0|0;0|0;0|0;0|0;0|0;0|0;0|0;0|0;0|0;0|0;0|0;0|0;0|0;0|0;0|0;0|0;0|0;0|0;0|0;0|0;0|0;0|0;0|0;0|0;0|0;0|0;0|0;0|0;0|0;0|0;0|0;0|0;0|0;0|0;0|0;0|0;0|0;0|0;0|0;0|0;0|0;0|0;0|0;0|0;0|0;0|13274;0|13274;0|13274;0|13274;0|13274;0|13274;0|13274;0|13274;0|13274;0|13274;0|13274;0|13274;0|13274;0|13274;0|13274;0|13274;0|13274;0|13274;0|13274;0|13274;0|13274;0|13274;0|13274;0|13274;0|13274;0|13274;0|13274;0|13274;0|13274;0|13274;0|13274;0|13274;0|13274;0|13274;0|13274;0|13274;0|13274;0|13274;0|13274;0|13274;0|13274;0|13274;0|13274;0|13274;0|13274;0|13274;0|13274;0|13274;0|13274;0|13274;0|13274;0|13274;0|13274;0|13274;0|13274;0|13274;0|13274;0|13274;0|13274;0|13274;0|13274;0|13274;0|13274;0|13274;0|13274;0|13274;0|13274;0|13274;0|13274;0|13274;0|13274;0|13274;0|13274;0|13274;0|13274;0|13274;0|13274;0|13274;0|13274;0|13274;0|13274;0|13274;0|13274;0|13274;0|13274;0|13274;0|13274;0|13274;0|13274;0|13274;0|13274;0|13274;0|13274;0|13274;0|13274;0|13274;0|13274;0|13274;0|13274;0|13274;0|0;0|0;0|0;0|0;0|0;0|0;0|0;0|0;0|0;0|0;0|0;0|0;0|0;0|0;0|0;0|0;0|0;0|0;0|0;0|0;0|0;0|0;0|0;0|0;0|0;0|0;0|0;0|0;0|0;0|0;0|0;0|0;0|0;0|0;0|0;0|0;0|0;0|0;0|0;0|0;0|0;0|0;0|0;0|0;0|0;0|0;0|0;0|0;0|0;0|0;0|0;0|0;0|0;0|0;0|0;0|0;0|0;0|0;0|0;0|0;0|0;0|0;0|0;0|0;0|0;0|0;0|0;0|0;0|0;0|0;0
wheat_1_harvestor_150,1,0;0|0;0|0;0|0;0|0;0|0;0|0;0|0;0|0;0|0;0|0;0|0;0|0;0|0;0|0;0|0;0|0;0|0;0|0;0|0;0|0;0|0;0|0;0|0;0|0;0|0;0|0;0|0;0|0;0|0;0|0;0|0;0|0;0|0;0|0;0|0;0|0;0|0;0|0;0|0;0|0;0|0;0|0;0|0;0|0;0|0;0|0;0|0;0|0;0|0;0|0;0|0;0|0;0|0;0|0;0|0;0|0;0|0;0|0;0|0;0|0;0|0;0|20488;0|20488;0|20488;0|20488;0|20488;0|20488;0|20488;0|20488;0|20488;0|20488;0|20488;0|20488;0|20488;0|20488;0|20488;0|20488;0|20488;0|20488;0|20488;0|20488;0|20488;0|20488;0|20488;0|20488;0|20488;0|20488;0|20488;0|20488;0|20488;0|20488;0|20488;0|20488;0|20488;0|20488;0|20488;0|20488;0|20488;0|20488;0|20488;0|20488;0|20488;0|20488;0|20488;0|20488;0|20488;0|20488;0|20488;0|20488;0|20488;0|20488;0|20488;0|20488;0|20488;0|20488;0|20488;0|20488;0|20488;0|20488;0|20488;0|20488;0|20488;0|20488;0|20488;0|20488;0|20488;0|20488;0|20488;0|20488;0|20488;0|20488;0|20488;0|20488;0|20488;0|20488;0|20488;0|20488;0|20488;0|20488;0|20488;0|20488;0|20488;0|20488;0|20488;0|20488;0|20488;0|20488;0|20488;0|20488;0|20488;0|20488;0|20488;0|20488;0|20488;0|20488;0|20488;0|20488;0|20488;0|20488;0|20488;0|20488;0|20488;0|20488;0|20488;0|20488;0|20488;0|20488;0|20488;0|20488;0|20488;0|20488;0|20488;0|20488;0|20488;0|20488;0|20488;0|20488;0|20488;0|20488;0|20488;0|20488;0|20488;0|20488;0|20488;0|20488;0|20488;0|20488;0|20488;0|20488;0|20488;0|20488;0|20488;0|20488;0|20488;0|20488;0|20488;0|20488;0|20488;0|20488;0|20488;0|20488;0|20488;0|20488;0|20488;0|0;0|0;0|0;0|0;0|0;0|0;0|0;0|0;0|0;0|0;0|0;0|0;0|0;0|0;0|0;0|0;0|0;0|0;0|0;0|0;0|0;0|0;0|0;0|0;0|0;0|0;0|0;0|0;0|0;0|0;0|0;0|0;0|0;0|0;0|0;0|0;0|0;0|0;0|0;0|0;0|0;0|0;0|0;0|0;0|0;0|0;0|0;0|0;0|0;0|0;0|0;0|0;0|0;0|0;0|0;0|0;0|0;0|0;0|0;0|0;0|0;0|0;0|0;0|0;0|0;0|0;0|0;0|0;0|0;0|0;0|0;0|0;0|0;0|0;0|0;0|0;0|0;0|0;0|0;0|0;0|0;0|0;0|0;0
paddy_harvestor_87,2,0;0|0;0|0;0|0;0|0;0|0;0|0;0|0;0|0;0|0;0|0;0|0;0|0;0|0;0|0;0|0;0|0;0|0;0|0;0|0;0|0;0|0;0|0;0|0;0|0;0|0;0|0;0|0;0|0;0|0;0|0;0|0;0|0;0|0;0|0;0|0;0|0;0|0;0|0;0|0;0|0;0|0;0|0;0|0;0|0;0|0;0|0;0|0;0|0;0|0;0|0;0|0;0|0;0|0;0|0;0|0;0|0;0|0;0|0;0|0;0|0;0|0;0|0;0|0;0|0;0|0;0|0;0|0;0|0;0|0;0|0;0|0;0|0;0|0;0|0;0|0;0|0;0|0;0|0;0|0;0|0;0|0;0|0;0|0;0|0;0|0;0|0;0|0;0|0;0|0;0|0;0|0;0|0;0|0;0|0;0|0;0|0;0|0;0|0;0|0;0|0;0|0;0|0;0|0;0|0;0|0;0|0;0|0;0|0;0|0;0|0;0|0;0|0;0|0;0|0;0|0;0|0;0|0;0|0;0|0;0|0;0|0;0|0;0|0;0|0;0|0;0|0;0|0;0|0;0|0;0|0;0|0;0|0;0|0;0|0;0|0;0|0;0|0;0|0;0|0;0|0;0|0;0|0;0|0;0|8629;0|8629;0|8629;0|8629;0|8629;0|8629;0|8629;0|8629;0|8629;0|8629;0|8629;0|8629;0|8629;0|8629;0|8629;0|8629;0|8629;0|8629;0|8629;0|8629;0|8629;0|8629;0|8629;0|8629;0|8629;0|8629;0|8629;0|8629;0|8629;0|8629;0|8629;0|8629;0|8629;0|8629;0|8629;0|8629;0|8629;0|8629;0|8629;0|8629;0|8629;0|8629;0|8629;0|8629;0|8629;0|8629;0|8629;0|8629;0|8629;0|8629;0|8629;0|8629;0|8629;0|8629;0|8629;0|8629;0|8629;0|8629;0|8629;0|8629;0|8629;0|8629;0|0;0|0;0|0;0|0;0|0;0|0;0|0;0|0;0|0;0|0;0|0;0|0;0|0;0|0;0|0;0|0;0|0;0|0;0|0;0|0;0|0;0|0;0|0;0|0;0|0;0|0;0|0;0|0;0|0;0|0;0|0;0|0;0|0;0|0;0|0;0|0;0|0;0|0;0|0;0|0;0|0;0|0;0|0;0|0;0|0;0|0;0|0;0|0;0|0;0|0;0|0;0|0;0|0;0|0;0|0;0|0;0|0;0|0;0|0;0|0;0|0;0|0;0|0;0|0;0|0;0|0;0|0;0|0;0|0;0|0;0|0;0|0;0|0;0|0;0|0;0|0;0|0;0|0;0|0;0|0;0|0;0|0;0
paddy_harvestor_51,2,0;0|0;0|0;0|0;0|0;0|0;0|0;0|0;0|0;0|0;0|0;0|0;0|0;0|0;0|0;0|0;0|0;0|0;0|0;0|0;0|0;0|0;0|0;0|0;0|0;0|0;0|0;0|0;0|0;0|0;0|0;0|0;0|0;0|0;0|0;0|0;0|0;0|0;0|0;0|0;0|0;0|0;0|0;0|0;0|0;0|0;0|0;0|0;0|0;0|0;0|0;0|0;0|0;0|0;0|0;0|0;0|0;0|0;0|0;0|0;0|0;0|0;0|0;0|0;0|0;0|0;0|0;0|0;0|0;0|0;0|0;0|0;0|0;0|0;0|0;0|0;0|0;0|0;0|0;0|0;0|0;0|0;0|0;0|0;0|0;0|0;0|0;0|0;0|0;0|0;0|0;0|0;0|0;0|0;0|0;0|0;0|0;0|0;0|0;0|0;0|0;0|0;0|0;0|0;0|0;0|0;0|0;0|0;0|0;0|0;0|0;0|0;0|0;0|0;0|0;0|0;0|0;0|0;0|0;0|0;0|0;0|0;0|0;0|0;0|0;0|0;0|0;0|0;0|0;0|0;0|0;0|0;0|0;0|0;0|0;0|0;0|0;0|0;0|0;0|0;0|0;0|0;0|0;0|0;0|9182;0|9182;0|9182;0|9182;0|9182;0|9182;0|9182;0|9182;0|9182;0|9182;0|9182;0|9182;0|9182;0|9182;0|9182;0|9182;0|9182;0|9182;0|9182;0|9182;0|9182;0|9182;0|9182;0|9182;0|9182;0|9182;0|9182;0|9182;0|9182;0|9182;0|9182;0|9182;0|9182;0|9182;0|9182;0|9182;0|9182;0|9182;0|9182;0|9182;0|9182;0|9182;0|9182;0|9182;0|9182;0|9182;0|9182;0|9183;0|9182;0|9182;0|9183;0|9183;0|9182;0|9183;0|9183;0|9183;0|9183;0|9183;0|9183;0|9183;0|9183;0|9183;0|9183;0|9183;0|9183;0|9183;0|9183;0|9183;0|9183;0|9183;0|9183;0|9183;0|9183;0|9183;0|9183;0|9183;0|9183;0|9183;0|9183;0|9183;0|9183;0|9183;0|9183;0|9183;0|9183;0|9183;0|9183;0|9183;0|9183;0|9183;0|0;0|0;0|0;0|0;0|0;0|0;0|0;0|0;0|0;0|0;0|0;0|0;0|0;0|0;0|0;0|0;0|0;0|0;0|0;0|0;0|0;0|0;0|0;0|0;0|0;0|0;0|0;0|0;0|0;0|0;0|0;0|0;0|0;0|0;0|0;0|0;0|0;0|0;0|0;0|0;0|0;0|0;0|0;0|0;0|0;0|0;0|0;0|0;0|0;0|0;0|0;0|0;0|0;0|0;0
paddy_harvestor_67,2,0;0|0;0|0;0|0;0|0;0|0;0|0;0|0;0|0;0|0;0|0;0|0;0|0;0|0;0|0;0|0;0|0;0|0;0|0;0|0;0|0;0|0;0|0;0|0;0|0;0|0;0|0;0|0;0|0;0|0;0|0;0|0;0|0;0|0;0|0;0|0;0|0;0|0;0|0;0|0;0|0;0|0;0|0;0|0;0|0;0|0;0|0;0|0;0|0;0|0;0|0;0|0;0|0;0|0;0|0;0|0;0|0;0|0;0|0;0|0;0|0;0|0;0|0;0|0;0|0;0|0;0|0;0|0;0|0;0|0;0|0;0|0;0|0;0|0;0|0;0|0;0|0;0|0;0|0;0|0;0|0;0|0;0|0;0|0;0|0;0|0;0|0;0|0;0|0;0|0;0|0;0|0;0|0;0|0;0|0;0|0;0|0;0|0;0|0;0|0;0|0;0|0;0|0;0|0;0|0;0|0;0|0;0|0;0|0;0|0;0|0;0|0;0|0;0|0;0|0;0|0;0|0;0|0;0|0;0|0;0|0;0|0;0|0;0|0;0|0;0|0;0|0;0|0;0|0;0|0;0|0;0|0;0|0;0|0;0|0;0|0;0|0;0|0;0|0;0|0;0|0;0|0;0|0;0|0;0|9936;0|9936;0|9936;0|9936;0|9936;0|9936;0|9936;0|9936;0|9936;0|9936;0|9936;0|9936;0|9936;0|9936;0|9936;0|9936;0|9936;0|9936;0|9936;0|9936;0|9936;0|9936;0|9936;0|9936;0|9936;0|9936;0|9936;0|9936;0|9936;0|9936;0|9936;0|9936;0|9936;0|9936;0|9936;0|9936;0|9936;0|9936;0|9936;0|9936;0|9936;0|9936;0|9936;0|9936;0|9936;0|9936;0|9936;0|9936;0|9936;0|9936;0|9936;0|9936;0|9936;0|9936;0|9936;0|9936;0|9936;0|9936;0|9936;0|9936;0|9936;0|9936;0|9936;0|9936;0|9936;0|9936;0|9936;0|9936;0|9936;0|9936;0|9936;0|9936;0|9936;0|9936;0|9936;0|9936;0|9936;0|9936;0|9936;0|9936;0|9936;0|9936;0|9936;0|9936;0|9936;0|9936;0|9936;0|9936;0|0;0|0;0|0;0|0;0|0;0|0;0|0;0|0;0|0;0|0;0|0;0|0;0|0;0|0;0|0;0|0;0|0;0|0;0|0;0|0;0|0;0|0;0|0;0|0;0|0;0|0;0|0;0|0;0|0;0|0;0|0;0|0;0|0;0|0;0|0;0|0;0|0;0|0;0|0;0|0;0|0;0|0;0|0;0|0;0|0;0|0;0|0;0|0;0|0;0|0;0|0;0|0;0|0;0|0;0|0;0|0;0
paddy_harvestor_35,2,0;0|0;0|0;0|0;0|0;0|0;0|0;0|0;0|0;0|0;0|0;0|0;0|0;0|0;0|0;0|0;0|0;0|0;0|0;0|0;0|0;0|0;0|0;0|0;0|0;0|0;0|0;0|0;0|0;0|0;0|0;0|0;0|0;0|0;0|0;0|0;0|0;0|0;0|0;0|0;0|0;0|0;0|0;0|0;0|0;0|0;0|0;0|0;0|0;0|0;0|0;0|0;0|0;0|0;0|0;0|0;0|0;0|0;0|0;0|0;0|0;0|0;0|0;0|0;0|0;0|0;0|0;0|0;0|0;0|0;0|0;0|0;0|0;0|0;0|0;0|0;0|0;0|0;0|0;0|0;0|0;0|0;0|0;0|0;0|0;0|0;0|0;0|0;0|0;0|0;0|0;0|0;0|0;0|0;0|0;0|0;0|0;0|0;0|0;0|0;0|0;0|0;0|0;0|0;0|0;0|0;0|0;0|0;0|0;0|0;0|0;0|0;0|0;0|0;0|0;0|0;0|0;0|0;0|0;0|0;0|0;0|0;0|0;0|0;0|0;0|0;0|0;0|0;0|0;0|0;0|0;0|0;0|0;0|0;0|0;0|0;0|0;0|0;0|0;0|0;0|0;0|0;0|0;0|0;0|8629;0|8629;0|8629;0|8629;0|8629;0|8629;0|8629;0|8629;0|8629;0|8629;0|8629;0|8629;0|8629;0|8629;0|8629;0|8629;0|8629;0|8629;0|8629;0|8629;0|8629;0|8629;0|8629;0|8629;0|8629;0|8629;0|8629;0|8629;0|8629;0|8629;0|8629;0|8629;0|8629;0|8629;0|8629;0|8629;0|8629;0|8629;0|8629;0|8629;0|8629;0|8629;0|8629;0|8629;0|8629;0|8629;0|8629;0|8629;0|8629;0|8629;0|8629;0|8629;0|8629;0|8629;0|8629;0|8629;0|8629;0|8629;0|8629;0|8629;0|8629;0|8629;0|8629;0|8629;0|8629;0|8629;0|8629;0|8629;0|8629;0|8629;0|8629;0|8629;0|8629;0|8629;0|8629;0|8629;0|8629;0|8629;0|8629;0|8629;0|8629;0|8629;0|8629;0|8629;0|8629;0|8629;0|8629;0|8629;0|8629;0|8629;0|8629;0|8629;0|8629;0|8629;0|8629;0|8629;0|8629;0|8629;0|8629;0|8629;0|8629;0|8629;0|8629;0|8629;0|8629;0|8629;0|8629;0|8629;0|8629;0|8629;0|8629;0|8629;0|8629;0|8629;0|8629;0|8629;0|8629;0|8629;0|8629;0|8629;0|8629;0|8629;0|8629;0|8629;0|8629;0|8629;0|8629;0|8629;0|8629;0|8629;0|8629;0|8629;0|8629;0|8629;0|8629;0|8629;0|8629;0|8629;0|8629;0|8629;0|8629;0|8629;0|8629;0|8629;0
paddy_harvestor_79,2,0;0|0;0|0;0|0;0|0;0|0;0|0;0|0;0|0;0|0;0|0;0|0;0|0;0|0;0|0;0|0;0|0;0|0;0|0;0|0;0|0;0|0;0|0;0|0;0|0;0|0;0|0;0|0;0|0;0|0;0|0;0|0;0|0;0|0;0|0;0|0;0|0;0|0;0|0;0|0;0|0;0|0;0|0;0|0;0|0;0|0;0|0;0|0;0|0;0|0;0|0;0|0;0|0;0|0;0|0;0|0;0|0;0|0;0|0;0|0;0|0;0|0;0|0;0|0;0|0;0|0;0|0;0|0;0|0;0|0;0|0;0|0;0|0;0|0;0|0;0|0;0|0;0|0;0|0;0|0;0|0;0|0;0|0;0|0;0|0;0|0;0|0;0|0;0|0;0|0;0|0;0|0;0|0;0|0;0|0;0|0;0|0;0|0;0|0;0|0;0|0;0|0;0|0;0|0;0|0;0|0;0|0;0|0;0|0;0|0;0|0;0|0;0|0;0|0;0|0;0|0;0|0;0|0;0|0;0|0;0|0;0|0;0|0;0|0;0|0;0|0;0|0;0|0;0|0;0|0;0|0;0|0;0|0;0|0;0|0;0|0;0|0;0|0;0|0;0|0;0|0;0|0;0|0;0|0;0|0;0|0;0|0;0|0;0|0;0|0;0|0;0|0;0|0;0|0;0|0;0|0;0|0;0|0;0|0;0|0;0|0;0|0;0|0;0|0;0|9746;0|9746;0|9746;0|9746;0|9746;0|9746;0|9746;0|9746;0|9746;0|9746;0|9746;0|9746;0|9746;0|9746;0|9746;0|9746;0|9746;0|9746;0|9746;0|9746;0|9746;0|9746;0|9746;0|9746;0|9746;0|9746;0|9746;0|9746;0|9746;0|9746;0|9746;0|9746;0|9746;0|9746;0|9746;0|9746;0|9746;0|9746;0|9746;0|9746;0|9746;0|9746;0|9746;0|9746;0|9746;0|9746;0|9746;0|9746;0|9746;0|9746;0|9746;0|9746;0|9746;0|9746;0|9746;0|9746;0|9746;0|9746;0|9746;0|9746;0|9746;0|9746;0|9746;0|9746;0|9746;0|9746;0|9746;0|9746;0|9746;0|9746;0|9746;0|9746;0|9746;0|9746;0|9746;0|9746;0|9746;0|9746;0|9746;0|9746;0|9746;0|9746;0|9746;0|9746;0|9746;0|9746;0|9746;0|9746;0|9746;0|9746;0|9746;0|9746;0|9746;0|9746;0|9746;0|9746;0|0;0|0;0|0;0|0;0|0;0|0;0|0;0|0;0|0;0|0;0|0;0|0;0|0;0|0;0|0;0|0;0|0;0|0;0|0;0|0;0|0;0|0;0|0;0|0;0|0;0|0;0|0;0|0;0
paddy_harvestor_31,2,0;0|0;0|0;0|0;0|0;0|0;0|0;0|0;0|0;0|0;0|0;0|0;0|0;0|0;0|0;0|0;0|0;0|0;0|0;0|0;0|0;0|0;0|0;0|0;0|0;0|0;0|0;0|0;0|0;0|0;0|0;0|0;0|0;0|0;0|0;0|0;0|0;0|0;0|0;0|0;0|0;0|0;0|0;0|0;0|0;0|0;0|0;0|0;0|0;0|0;0|0;0|0;0|0;0|0;0|0;0|0;0|0;0|0;0|0;0|0;0|0;0|0;0|0;0|0;0|0;0|0;0|0;0|0;0|0;0|0;0|0;0|0;0|0;0|0;0|0;0|0;0|0;0|0;0|0;0|0;0|0;0|0;0|0;0|0;0|0;0|0;0|0;0|0;0|0;0|0;0|0;0|0;0|0;0|0;0|0;0|0;0|0;0|0;0|0;0|0;0|0;0|0;0|0;0|0;0|0;0|0;0|0;0|0;0|0;0|0;0|0;0|0;0|0;0|0;0|0;0|0;0|0;0|0;0|0;0|0;0|0;0|0;0|0;0|0;0|0;0|0;0|0;0|0;0|0;0|0;0|0;0|0;0|0;0|0;0|0;0|0;0|0;0|0;0|0;0|0;0|0;0|0;0|0;0|0;0|0;0|0;0|0;0|0;0|0;0|0;0|0;0|0;0|0;0|0;0|0;0|0;0|0;0|0;0|0;0|0;0|0;0|0;0|0;0|0;0|0;0|0;0|0;0|10118;0|10118;0|10118;0|10118;0|10118;0|10118;0|10118;0|10118;0|10118;0|10118;0|10118;0|10118;0|10118;0|10118;0|10118;0|10118;0|10118;0|10118;0|10118;0|10118;0|10118;0|10118;0|10118;0|10118;0|10118;0|10118;0|10118;0|10118;0|10118;0|10118;0|10118;0|10118;0|10118;0|10118;0|10118;0|10118;0|10118;0|10118;0|10118;0|10118;0|10118;0|10118;0|10118;0|10118;0|10118;0|10118;0|10118;0|10118;0|10118;0|10118;0|10118;0|10118;0|10118;0|10118;0|10118;0|10118;0|10118;0|10118;0|10118;0|10118;0|10118;0|10118;0|10118;0|10118;0|10118;0|10118;0|0;0|0;0|0;0|0;0|0;0|0;0|0;0|0;0|0;0|0;0|0;0|0;0|0;0|0;0|0;0|0;0|0;0|0;0|0;0|0;0|0;0|0;0|0;0|0;0|0;0|0;0|0;0|0;0|0;0|0;0|0;0|0;0|0;0|0;0|0;0|0;0|0;0|0;0|0;0|0;0|0;0|0;0|0;0|0;0|0;0|0;0|0;0|0;0|0;0|0;0|0;0|0;0|0;0|0;0|0;0
paddy_harvestor_33,2,0;0|0;0|0;0|0;0|0;0|0;0|0;0|0;0|0;0|0;0|0;0|0;0|0;0|0;0|0;0|0;0|0;0|0;0|0;0|0;0|0;0|0;0|0;0|0;0|0;0|0;0|0;0|0;0|0;0|0;0|0;0|0;0|0;0|0;0|0;0|0;0|0;0|0;0|0;0|0;0|0;0|0;0|0;0|0;0|0;0|0;0|0;0|0;0|0;0|0;0|0;0|0;0|0;0|0;0|0;0|0;0|0;0|0;0|0;0|0;0|0;0|0;0|0;0|0;0|0;0|0;0|0;0|0;0|0;0|0;0|0;0|0;0|0;0|0;0|0;0|0;0|0;0|0;0|0;0|0;0|0;0|0;0|0;0|0;0|0;0|0;0|0;0|0;0|0;0|0;0|0;0|0;0|0;0|0;0|0;0|0;0|0;0|0;0|0;0|0;0|0;0|0;0|0;0|0;0|0;0|0;0|0;0|0;0|0;0|0;0|0;0|0;0|0;0|0;0|0;0|0;0|0;0|0;0|0;0|0;0|0;0|0;0|0;0|0;0|0;0|0;0|0;0|0;0|0;0|0;0|0;0|0;0|0;0|0;0|0;0|0;0|0;0|0;0|0;0|0;0|0;0|0;0|0;0|0;0|0;0|0;0|0;0|0;0|0;0|0;0|0;0|0;0|0;0|0;0|0;0|5131;0|5131;0|5131;0|5131;0|5131;0|5131;0|5131;0|5131;0|5131;0|5131;0|5131;0|5131;0|5131;0|5131;0|5131;0|5131;0|5131;0|5131;0|5131;0|5131;0|5131;0|5131;0|5131;0|5131;0|5131;0|5131;0|5131;0|5131;0|5131;0|5131;0|5131;0|5131;0|5131;0|5131;0|5131;0|5131;0|5131;0|5131;0|5131;0|5131;0|5131;0|5131;0|5131;0|5131;0|5131;0|5131;0|5131;0|5131;0|5131;0|5131;0|5131;0|5131;0|5131;0|5131;0|5131;0|5131;0|5131;0|5131;0|5131;0|5131;0|5131;0|5131;0|5131;0|5131;0|5131;0|5131;0|5131;0|5131;0|5131;0|5131;0|5131;0|5131;0|5131;0|5131;0|5131;0|5131;0|5131;0|5131;0|5131;0|5131;0|5131;0|5131;0|5131;0|5131;0|5131;0|5131;0|5131;0|5131;0|5131;0|5131;0|5131;0|5131;0|5131;0|5131;0|5131;0|5131;0|5131;0|0;0|0;0|0;0|0;0|0;0|0;0|0;0|0;0|0;0|0;0|0;0|0;0|0;0|0;0|0;0|0;0|0;0|0;0|0;0|0;0|0;0|0;0|0;0|0;0|0;0|0;0|0;0|0;0|0;0|0;0|0;0|0;0|0;0|0;0|0;0|0;0
corn_harvestor_10,2,0;0|0;0|0;0|0;0|0;0|0;0|0;0|0;0|0;0|0;0|0;0|0;0|0;0|0;0|0;0|0;0|0;0|0;0|0;0|0;0|0;0|0;0|0;0|0;0|0;0|0;0|0;0|0;0|0;0|0;0|0;0|0;0|0;0|0;0|0;0|0;0|0;0|0;0|0;0|0;0|0;0|0;0|0;0|0;0|0;0|0;0|0;0|0;0|0;0|0;0|0;0|0;0|0;0|0;0|0;0|0;0|0;0|0;0|0;0|0;0|0;0|0;0|0;0|0;0|0;0|0;0|0;0|0;0|0;0|0;0|0;0|0;0|13077;0|13077;0|13077;0|13077;0|13077;0|13077;0|13077;0|13077;0|13077;0|13077;0|13077;0|13077;0|13077;0|13077;0|13077;0|13077;0|13077;0|13077;0|13077;0|13077;0|13077;0|13077;0|13077;0|13077;0|13077;0|13077;0|13077;0|13077;0|13077;0|13077;0|13077;0|13077;0|13077;0|13077;0|13077;0|13077;0|13077;0|13077;0|13077;0|13077;0|13077;0|13077;0|13077;0|13077;0|13077;0|13077;0|13077;0|13077;0|13077;0|13077;0|13077;0|13077;0|13077;0|13077;0|13077;0|13077;0|13077;0|13077;0|13077;0|13077;0|13077;0|13077;0|13077;0|13077;0|13077;0|13077;0|13077;0|13077;0|13077;0|13077;0|13077;0|13077;0|13077;0|13077;0|13077;0|13077;0|13077;0|13077;0|13077;0|13077;0|13077;0|13077;0|13077;0|13077;0|13077;0|13077;0|13077;0|13077;0|13077;0|13077;0|13077;0|13077;0|13077;0|13077;0|13077;0|13077;0|13077;0|13077;0|13077;0|13077;0|13077;0|13077;0|13077;0|13077;0|13077;0|13077;0|13077;0|13077;0|13077;0|13077;0|13077;0|13077;0|13077;0|13077;0|13077;0|13077;0|13077;0|13077;0|13077;0|13077;0|13077;0|13077;0|13077;0|13077;0|13077;0|13077;0|13077;0|13077;0|13077;0|13077;0|13077;0|13077;0|13077;0|13077;0|13077;0|13077;0|13077;0|13077;0|13077;0|13077;0|13077;0|13077;0|13077;0|13077;0|13077;0|13077;0|13077;0|13077;0|13077;0|13077;0|13077;0|13077;0|13077;0|13077;0|13077;0|13077;0|13077;0|13077;0|13077;0|0;0|0;0|0;0|0;0|0;0|0;0|0;0|0;0|0;0|0;0|0;0|0;0|0;0|0;0|0;0|0;0|0;0|0;0|0;0|0;0|0;0|0;0|0;0|0;0|0;0|0;0|0;0|0;0|0;0|0;0|0;0|0;0|0;0|0;0|0;0|0;0|0;0|0;0|0;0|0;0|0;0|0;0|0;0|0;0|0;0|0;0|0;0|0;0|0;0|0;0|0;0|0;0|0;0|0;0|0;0|0;0|0;0
paddy_harvestor_28,2,0;0|0;0|0;0|0;0|0;0|0;0|0;0|0;0|0;0|0;0|0;0|0;0|0;0|0;0|0;0|0;0|0;0|0;0|0;0|0;0|0;0|0;0|0;0|0;0|0;0|0;0|0;0|0;0|0;0|0;0|0;0|0;0|0;0|0;0|0;0|0;0|0;0|0;0|0;0|0;0|0;0|0;0|0;0|0;0|0;0|0;0|0;0|0;0|0;0|0;0|0;0|0;0|0;0|0;0|0;0|0;0|0;0|0;0|0;0|0;0|0;0|0;0|0;0|0;0|0;0|0;0|0;0|0;0|0;0|0;0|0;0|0;0|0;0|0;0|0;0|0;0|0;0|0;0|0;0|0;0|0;0|0;0|0;0|0;0|0;0|0;0|0;0|0;0|0;0|0;0|0;0|0;0|0;0|0;0|0;0|0;0|0;0|0;0|0;0|0;0|0;0|0;0|0;0|0;0|0;0|0;0|0;0|0;0|0;0|0;0|0;0|0;0|0;0|0;0|0;0|0;0|0;0|0;0|0;0|0;0|0;0|0;0|0;0|0;0|0;0|0;0|0;0|0;0|0;0|0;0|0;0|0;0|0;0|0;0|0;0|0;0|0;0|0;0|0;0|0;0|0;0|0;0|0;0|0;0|8271;0|8271;0|8271;0|8271;0|8271;0|8271;0|8271;0|8271;0|8271;0|8271;0|8271;0|8271;0|8271;0|8271;0|8271;0|8271;0|8271;0|8271;0|8271;0|8271;0|8271;0|8271;0|8271;0|8271;0|8271;0|8271;0|8271;0|8271;0|8271;0|8271;0|8271;0|8271;0|8271;0|8271;0|8271;0|8271;0|8271;0|8271;0|8271;0|8271;0|8271;0|8271;0|8271;0|8271;0|8271;0|8271;0|8271;0|8271;0|8271;0|8271;0|8271;0|8271;0|8271;0|8271;0|8271;0|8271;0|8271;0|8271;0|8271;0|8271;0|8271;0|8271;0|8271;0|8271;0|8271;0|0;0|0;0|0;0|0;0|0;0|0;0|0;0|0;0|0;0|0;0|0;0|0;0|0;0|0;0|0;0|0;0|0;0|0;0|0;0|0;0|0;0|0;0|0;0|0;0|0;0|0;0|0;0|0;0|0;0|0;0|0;0|0;0|0;0|0;0|0;0|0;0|0;0|0;0|0;0|0;0|0;0|0;0|0;0|0;0|0;0|0;0|0;0|0;0|0;0|0;0|0;0|0;0|0;0|0;0|0;0|0;0|0;0|0;0|0;0|0;0|0;0|0;0|0;0|0;0|0;0|0;0|0;0|0;0|0;0|0;0|0;0|0;0|0;0|0;0|0;0|0;0|0;0|0;0|0;0
paddy_harvestor_48,2,0;0|0;0|0;0|0;0|0;0|0;0|0;0|0;0|0;0|0;0|0;0|0;0|0;0|0;0|0;0|0;0|0;0|0;0|0;0|0;0|0;0|0;0|0;0|0;0|0;0|0;0|0;0|0;0|0;0|0;0|0;0|0;0|0;0|0;0|0;0|0;0|0;0|0;0|0;0|0;0|0;0|0;0|0;0|0;0|0;0|0;0|0;0|0;0|0;0|0;0|0;0|0;0|0;0|0;0|0;0|0;0|0;0|0;0|0;0|0;0|0;0|0;0|0;0|0;0|0;0|0;0|0;0|0;0|0;0|0;0|0;0|0;0|0;0|0;0|0;0|0;0|0;0|0;0|0;0|0;0|0;0|0;0|0;0|0;0|0;0|0;0|0;0|0;0|0;0|0;0|0;0|0;0|0;0|0;0|0;0|0;0|0;0|0;0|0;0|0;0|0;0|0;0|0;0|0;0|0;0|0;0|0;0|0;0|0;0|0;0|0;0|0;0|0;0|0;0|0;0|0;0|0;0|0;0|0;0|0;0|0;0|0;0|0;0|0;0|0;0|0;0|0;0|0;0|0;0|0;0|0;0|0;0|0;0|0;0|0;0|0;0|0;0|0;0|0;0|0;0|0;0|0;0|0;0|0;0|9749;0|9749;0|9749;0|9749;0|9749;0|9749;0|9749;0|9749;0|9749;0|9749;0|9749;0|9749;0|9749;0|9749;0|9749;0|9749;0|9749;0|9749;0|9749;0|9749;0|9749;0|9749;0|9749;0|9749;0|9749;0|9749;0|9749;0|9749;0|9749;0|9749;0|9749;0|9749;0|9749;0|9749;0|9749;0|9749;0|9749;0|9749;0|9749;0|9749;0|9749;0|9749;0|9749;0|9749;0|9749;0|9749;0|9749;0|9749;0|9749;0|9749;0|9749;0|9749;0|9749;0|9749;0|9749;0|9749;0|9749;0|9749;0|9749;0|9749;0|9749;0|9749;0|9749;0|9749;0|9749;0|9749;0|9749;0|9749;0|9749;0|9749;0|0;0|0;0|0;0|0;0|0;0|0;0|0;0|0;0|0;0|0;0|0;0|0;0|0;0|0;0|0;0|0;0|0;0|0;0|0;0|0;0|0;0|0;0|0;0|0;0|0;0|0;0|0;0|0;0|0;0|0;0|0;0|0;0|0;0|0;0|0;0|0;0|0;0|0;0|0;0|0;0|0;0|0;0|0;0|0;0|0;0|0;0|0;0|0;0|0;0|0;0|0;0|0;0|0;0|0;0|0;0|0;0|0;0|0;0|0;0|0;0|0;0|0;0|0;0|0;0|0;0|0;0|0;0|0;0|0;0|0;0|0;0|0;0|0;0|0;0
paddy_harvestor_94,2,0;0|0;0|0;0|0;0|0;0|0;0|0;0|0;0|0;0|0;0|0;0|0;0|0;0|0;0|0;0|0;0|0;0|0;0|0;0|0;0|0;0|0;0|0;0|0;0|0;0|0;0|0;0|0;0|0;0|0;0|0;0|0;0|0;0|0;0|0;0|0;0|0;0|0;0|0;0|0;0|0;0|0;0|0;0|0;0|0;0|0;0|0;0|0;0|0;0|0;0|0;0|0;0|0;0|0;0|0;0|0;0|0;0|0;0|0;0|0;0|0;0|0;0|0;0|0;0|0;0|0;0|0;0|0;0|0;0|0;0|0;0|0;0|0;0|0;0|0;0|0;0|0;0|0;0|0;0|0;0|0;0|0;0|0;0|0;0|0;0|0;0|0;0|0;0|0;0|0;0|0;0|0;0|0;0|0;0|0;0|0;0|0;0|0;0|0;0|0;0|0;0|0;0|0;0|0;0|0;0|0;0|0;0|0;0|0;0|0;0|0;0|0;0|0;0|0;0|0;0|0;0|0;0|0;0|0;0|0;0|0;0|0;0|0;0|0;0|0;0|0;0|0;0|0;0|0;0|0;0|0;0|0;0|0;0|0;0|0;0|0;0|0;0|0;0|0;0|0;0|0;0|0;0|0;0|0;0|4939;0|4939;0|4939;0|4939;0|4939;0|4939;0|4939;0|4939;0|4939;0|4939;0|4939;0|4939;0|4939;0|4939;0|4939;0|4939;0|4939;0|4939;0|4939;0|4939;0|4939;0|4939;0|4939;0|4939;0|4939;0|4939;0|4939;0|4939;0|4939;0|4939;0|4939;0|4939;0|4939;0|4939;0|4939;0|4939;0|4939;0|4939;0|4939;0|4939;0|4939;0|4939;0|4939;0|4939;0|4939;0|4939;0|4939;0|4939;0|4939;0|4939;0|4939;0|4939;0|4939;0|4939;0|4939;0|4939;0|4939;0|4939;0|4939;0|4939;0|4939;0|4939;0|4939;0|4939;0|4939;0|4939;0|4939;0|4939;0|0;0|0;0|0;0|0;0|0;0|0;0|0;0|0;0|0;0|0;0|0;0|0;0|0;0|0;0|0;0|0;0|0;0|0;0|0;0|0;0|0;0|0;0|0;0|0;0|0;0|0;0|0;0|0;0|0;0|0;0|0;0|0;0|0;0|0;0|0;0|0;0|0;0|0;0|0;0|0;0|0;0|0;0|0;0|0;0|0;0|0;0|0;0|0;0|0;0|0;0|0;0|0;0|0;0|0;0|0;0|0;0|0;0|0;0|0;0|0;0|0;0|0;0|0;0|0;0|0;0|0;0|0;0|0;0|0;0|0;0|0;0|0;0|0;0|0;0|0;0|0;0
paddy_harvestor_63,2,0;0|0;0|0;0|0;0|0;0|0;0|0;0|0;0|0;0|0;0|0;0|0;0|0;0|0;0|0;0|0;0|0;0|0;0|0;0|0;0|0;0|0;0|0;0|0;0|0;0|0;0|0;0|0;0|0;0|0;0|0;0|0;0|0;0|0;0|0;0|0;0|0;0|0;0|0;0|0;0|0;0|0;0|0;0|0;0|0;0|0;0|0;0|0;0|0;0|0;0|0;0|0;0|0;0|0;0|0;0|0;0|0;0|0;0|0;0|0;0|0;0|0;0|0;0|0;0|0;0|0;0|0;0|0;0|0;0|0;0|0;0|0;0|0;0|0;0|0;0|0;0|0;0|0;0|0;0|0;0|0;0|0;0|0;0|0;0|0;0|0;0|0;0|0;0|0;0|0;0|0;0|0;0|0;0|0;0|0;0|0;0|0;0|0;0|0;0|0;0|0;0|0;0|0;0|0;0|0;0|0;0|0;0|0;0|0;0|0;0|0;0|0;0|0;0|0;0|0;0|0;0|0;0|0;0|0;0|0;0|0;0|0;0|0;0|0;0|0;0|0;0|0;0|0;0|0;0|0;0|0;0|0;0|0;0|0;0|0;0|0;0|0;0|0;0|0;0|0;0|0;0|0;0|0;0|0;0|5297;0|5297;0|5297;0|5297;0|5297;0|5297;0|5297;0|5297;0|5297;0|5297;0|5297;0|5297;0|5297;0|5297;0|5297;0|5297;0|5297;0|5297;0|5297;0|5297;0|5297;0|5297;0|5297;0|5297;0|5297;0|5297;0|5297;0|5297;0|5297;0|5297;0|5297;0|5297;0|5297;0|5297;0|5297;0|5297;0|5297;0|5297;0|5297;0|5297;0|5297;0|5297;0|5297;0|5297;0|5297;0|5297;0|5297;0|5297;0|5297;0|5297;0|5297;0|5297;0|5297;0|5297;0|5297;0|5297;0|5297;0|5297;0|5297;0|5297;0|5297;0|5297;0|5297;0|5297;0|5297;0|5297;0|5297;0|5297;0|5297;0|5297;0|5297;0|5297;0|5297;0|5297;0|5297;0|5297;0|5297;0|5297;0|5297;0|5297;0|5297;0|5297;0|5297;0|5297;0|5297;0|5297;0|5297;0|5297;0|5297;0|5297;0|5297;0|5297;0|5297;0|5297;0|5297;0|5297;0|5297;0|5297;0|5297;0|5297;0|5297;0|5297;0|5297;0|5297;0|5297;0|5297;0|5297;0|5297;0|5297;0|5297;0|5297;0|5297;0|5297;0|5297;0|5297;0|5297;0|5297;0|5297;0|5297;0|5297;0|5297;0|5297;0|0;0|0;0|0;0|0;0|0;0|0;0|0;0|0;0|0;0|0;0|0;0|0;0|0;0|0;0|0;0|0;0|0;0|0;0|0;0|0;0|0;0|0;0
paddy_harvestor_47,2,0;0|0;0|0;0|0;0|0;0|0;0|0;0|0;0|0;0|0;0|0;0|0;0|0;0|0;0|0;0|0;0|0;0|0;0|0;0|0;0|0;0|0;0|0;0|0;0|0;0|0;0|0;0|0;0|0;0|0;0|0;0|0;0|0;0|0;0|0;0|0;0|0;0|0;0|0;0|0;0|0;0|0;0|0;0|0;0|0;0|0;0|0;0|0;0|0;0|0;0|0;0|0;0|0;0|0;0|0;0|0;0|0;0|0;0|0;0|0;0|0;0|0;0|0;0|0;0|0;0|0;0|0;0|0;0|0;0|0;0|0;0|0;0|0;0|0;0|0;0|0;0|0;0|0;0|0;0|0;0|0;0|0;0|0;0|0;0|0;0|0;0|0;0|0;0|0;0|0;0|0;0|0;0|0;0|0;0|0;0|0;0|0;0|0;0|0;0|0;0|0;0|0;0|0;0|0;0|0;0|0;0|0;0|0;0|0;0|0;0|0;0|0;0|0;0|0;0|0;0|0;0|0;0|0;0|0;0|0;0|0;0|0;0|0;0|0;0|0;0|0;0|0;0|0;0|0;0|0;0|0;0|0;0|0;0|0;0|0;0|0;0|0;0|0;0|0;0|0;0|0;0|0;0|0;0|0;0|10291;0|10291;0|10291;0|10291;0|10291;0|10291;0|10291;0|10291;0|10291;0|10291;0|10291;0|10291;0|10291;0|10291;0|10291;0|10291;0|10291;0|10291;0|10291;0|10291;0|10291;0|10291;0|10291;0|10291;0|10291;0|10291;0|10291;0|10291;0|10291;0|10291;0|10291;0|10291;0|10291;0|10291;0|10291;0|10291;0|10291;0|10291;0|10291;0|10291;0|10291;0|10291;0|10291;0|10291;0|0;0|0;0|0;0|0;0|0;0|0;0|0;0|0;0|0;0|0;0|0;0|0;0|0;0|0;0|0;0|0;0|0;0|0;0|0;0|0;0|0;0|0;0|0;0|0;0|0;0|0;0|0;0|0;0|0;0|0;0|0;0|0;0|0;0|0;0|0;0|0;0|0;0|0;0|0;0|0;0|0;0|0;0|0;0|0;0|0;0|0;0|0;0|0;0|0;0|0;0|0;0|0;0|0;0|0;0|0;0|0;0|0;0|0;0|0;0|0;0|0;0|0;0|0;0|0;0|0;0|0;0|0;0|0;0|0;0|0;0|0;0|0;0|0;0|0;0|0;0|0;0|0;0|0;0|0;0|0;0|0;0|0;0|0;0|0;0|0;0|0;0|0;0|0;0|0;0|0;0|0;0|0;0|0;0|0;0|0;0|0;0|0;0|0;0|0;0|0;0
paddy_harvestor_27,2,0;0|0;0|0;0|0;0|0;0|0;0|0;0|0;0|0;0|0;0|0;0|0;0|0;0|0;0|0;0|0;0|0;0|0;0|0;0|0;0|0;0|0;0|0;0|0;0|0;0|0;0|0;0|0;0|0;0|0;0|0;0|0;0|0;0|0;0|0;0|0;0|0;0|0;0|0;0|0;0|0;0|0;0|0;0|0;0|0;0|0;0|0;0|0;0|0;0|0;0|0;0|0;0|0;0|0;0|0;0|0;0|0;0|0;0|0;0|0;0|0;0|0;0|0;0|0;0|0;0|0;0|0;0|0;0|0;0|0;0|0;0|0;0|0;0|0;0|0;0|0;0|0;0|0;0|0;0|0;0|0;0|0;0|0;0|0;0|0;0|0;0|0;0|0;0|0;0|0;0|0;0|0;0|0;0|0;0|0;0|0;0|0;0|0;0|0;0|0;0|0;0|0;0|0;0|0;0|0;0|0;0|0;0|0;0|0;0|0;0|0;0|0;0|0;0|0;0|0;0|0;0|0;0|0;0|0;0|0;0|0;0|0;0|0;0|0;0|0;0|0;0|0;0|0;0|0;0|0;0|0;0|0;0|0;0|0;0|0;0|0;0|0;0|0;0|0;0|0;0|0;0|0;0|0;0|0;0|0;0|0;0|0;0|0;0|0;0|0;0|0;0|0;0|0;0|0;0|0;0|0;0|0;0|0;0|0;0|0;0|0;0|0;0|0;0|0;0|0;0|0;0|0;0|0;0|0;0|0;0|0;0|0;0|0;0|0;0|0;0|0;0|0;0|0;0|0;0|0;0|0;0|0;0|0;0|0;0|0;0|0;0|0;0|0;0|0;0|0;0|0;0|0;0|0;0|0;0|0;0|0;0|0;0|0;0|0;0|0;0|0;0|0;0|0;0|0;0|0;0|0;0|0;0|0;0|0;0|0;0|0;0|0;0|0;0|0;0|0;0|0;0|0;0|0;0|0;0|0;0|0;0|7901;0|7901;0|0;0|0;0|0;0|0;0|0;0|0;0|0;0|0;0|0;0|0;0|0;0|0;0|0;0|0;0|0;0|0;0|0;0|0;0|0;0|0;0|0;0|0;0|0;0|0;0|0;0|0;0|0;0|0;0|0;0|0;0|0;0|0;0|0;0|0;0|0;0|0;0|0;0|0;0|0;0|0;0|0;0|0;0|0;0|0;0|0;0|0;0|0;0|0;0|0;0|0;0|0;0|0;0|0;0|0;0|0;0|0;0|0;0|0;0|0;0|0;0|0;0|0;0|0;0|0;0|0;0
paddy_harvestor_21,2,0;0|0;0|0;0|0;0|0;0|0;0|0;0|0;0|0;0|0;0|0;0|0;0|0;0|0;0|0;0|0;0|0;0|0;0|0;0|0;0|0;0|0;0|0;0|0;0|0;0|0;0|0;0|0;0|0;0|0;0|0;0|0;0|0;0|0;0|0;0|0;0|0;0|0;0|0;0|0;0|0;0|0;0|0;0|0;0|0;0|0;0|0;0|0;0|0;0|0;0|0;0|0;0|0;0|0;0|0;0|0;0|0;0|0;0|0;0|0;0|0;0|0;0|0;0|0;0|0;0|0;0|0;0|0;0|0;0|0;0|0;0|0;0|0;0|0;0|0;0|0;0|0;0|0;0|0;0|0;0|0;0|0;0|0;0|0;0|0;0|0;0|0;0|0;0|0;0|0;0|0;0|0;0|0;0|0;0|0;0|0;0|0;0|0;0|0;0|0;0|0;0|0;0|0;0|0;0|0;0|0;0|0;0|0;0|0;0|0;0|0;0|0;0|0;0|0;0|0;0|0;0|0;0|0;0|0;0|0;0|0;0|0;0|0;0|0;0|0;0|0;0|0;0|0;0|0;0|0;0|0;0|0;0|0;0|0;0|0;0|0;0|0;0|0;0|0;0|0;0|0;0|0;0|0;0|0;0|10667;0|10667;0|10667;0|10667;0|10667;0|10667;0|10667;0|10667;0|10667;0|10667;0|10667;0|10667;0|10667;0|10667;0|10667;0|10667;0|10667;0|10667;0|10667;0|10667;0|10667;0|10667;0|10667;0|10667;0|10667;0|10667;0|10667;0|10667;0|10667;0|10667;0|10667;0|10667;0|10667;0|10667;0|10667;0|10667;0|10667;0|10667;0|10667;0|10667;0|10667;0|10667;0|10667;0|10667;0|10667;0|10667;0|10667;0|10667;0|10667;0|10667;0|10667;0|10667;0|10667;0|10667;0|10667;0|10667;0|10667;0|10667;0|10667;0|10667;0|10667;0|10667;0|10667;0|10667;0|10667;0|10667;0|10667;0|10667;0|10667;0|10667;0|10667;0|10667;0|10667;0|10667;0|10667;0|10667;0|10667;0|10667;0|10667;0|10667;0|10667;0|10667;0|10667;0|10667;0|10667;0|10667;0|10667;0|10667;0|10667;0|10667;0|10667;0|10667;0|10667;0|10667;0|10667;0|10667;0|10667;0|10667;0|10667;0|10667;0|10667;0|10667;0|10667;0|10667;0|10667;0|10667;0|10667;0|10667;0|10667;0|10667;0|10667;0|10667;0|10667;0|10667;0|10667;0|10667;0|10667;0|10667;0|10667;0|10667;0|10667;0|10667;0|10667;0|10667;0|10667;0|10667;0|10667;0|10667;0|10667;0|10667;0|10667;0|10667;0|10667;0|10667;0|10667;0|10667;0|0;0|0;0|0;0|0;0|0;0|0;0|0;0|0;0
wheat_1_harvestor_138,2,0;0|0;0|0;0|0;0|0;0|0;0|0;0|0;0|0;0|0;0|0;0|0;0|0;0|0;0|0;0|0;0|0;0|0;0|0;0|0;0|0;0|0;0|0;0|0;0|0;0|0;0|0;0|0;0|0;0|0;0|0;0|0;0|0;0|0;0|0;0|0;0|0;0|0;0|0;0|0;0|0;0|0;0|0;0|0;0|0;0|0;0|0;0|0;0|0;0|0;0|0;0|0;0|0;0|0;0|0;0|0;0|0;0|0;0|0;0|0;0|0;0|0;0|0;0|0;0|0;0|0;0|0;0|0;0|0;0|0;0|0;0|0;0|0;0|0;0|0;0|0;0|0;0|0;0|0;0|0;0|0;0|0;0|0;0|0;0|0;0|0;0|10870;0|10870;0|10870;0|10870;0|10870;0|10870;0|10870;0|10870;0|10870;0|10870;0|10870;0|10870;0|10870;0|10870;0|10870;0|10870;0|10870;0|10870;0|10870;0|10870;0|10870;0|10870;0|10870;0|10870;0|10870;0|10870;0|10870;0|10870;0|10870;0|10870;0|10870;0|10870;0|10870;0|10870;0|10870;0|10870;0|10870;0|10870;0|10870;0|10870;0|10870;0|10870;0|10870;0|10870;0|10870;0|10870;0|10870;0|10870;0|10870;0|10870;0|10870;0|10870;0|10870;0|10870;0|10870;0|10870;0|10870;0|10870;0|10870;0|10870;0|10870;0|10870;0|10870;0|10870;0|10870;0|10870;0|10870;0|10870;0|10870;0|10870;0|10870;0|10870;0|10870;0|10870;0|10870;0|10870;0|10870;0|10870;0|10870;0|10870;0|10870;0|10870;0|10870;0|10870;0|10870;0|10870;0|10870;0|10870;0|10870;0|10870;0|10870;0|10870;0|10870;0|10870;0|10870;0|10870;0|10870;0|10870;0|10870;0|10870;0|10870;0|10870;0|10870;0|10870;0|10870;0|10870;0|10870;0|10870;0|10870;0|10870;0|10870;0|10870;0|10870;0|10870;0|10870;0|10870;0|10870;0|10870;0|10870;0|10870;0|10870;0|10870;0|10870;0|10870;0|10870;0|10870;0|10870;0|10870;0|10870;0|10870;0|10870;0|10870;0|10870;0|10870;0|10870;0|10870;0|10870;0|10870;0|10870;0|10870;0|10870;0|10870;0|10870;0|10870;0|10870;0|10870;0|10870;0|10870;0|10870;0|10870;0|10870;0|10870;0|10870;0|10870;0|10870;0|10870;0|10870;0|10870;0|10870;0|10870;0|10870;0|10870;0|10870;0|10870;0|10870;0|10870;0|10870;0|10870;0|10870;0|10870;0|10870;0|10870;0|10870;0|10870;0|10870;0|10870;0|0;0|0;0|0;0|0;0|0;0|0;0|0;0|0;0|0;0|0;0|0;0|0;0|0;0|0;0|0;0|0;0|0;0|0;0|0;0|0;0|0;0|0;0|0;0|0;0|0;0|0;0
paddy_harvestor_83,2,0;0|0;0|0;0|0;0|0;0|0;0|0;0|0;0|0;0|0;0|0;0|0;0|0;0|0;0|0;0|0;0|0;0|0;0|0;0|0;0|0;0|0;0|0;0|0;0|0;0|0;0|0;0|0;0|0;0|0;0|0;0|0;0|0;0|0;0|0;0|0;0|0;0|0;0|0;0|0;0|0;0|0;0|0;0|0;0|0;0|0;0|0;0|0;0|0;0|0;0|0;0|0;0|0;0|0;0|0;0|0;0|0;0|0;0|0;0|0;0|0;0|0;0|0;0|0;0|0;0|0;0|0;0|0;0|0;0|0;0|0;0|0;0|0;0|0;0|0;0|0;0|0;0|0;0|0;0|0;0|0;0|0;0|0;0|0;0|0;0|0;0|0;0|0;0|0;0|0;0|0;0|0;0|0;0|0;0|0;0|0;0|0;0|0;0|0;0|0;0|0;0|0;0|0;0|0;0|0;0|0;0|0;0|0;0|0;0|0;0|0;0|0;0|0;0|0;0|0;0|0;0|0;0|0;0|0;0|0;0|0;0|0;0|0;0|0;0|0;0|0;0|0;0|0;0|0;0|0;0|0;0|0;0|0;0|0;0|0;0|0;0|0;0|0;0|0;0|0;0|0;0|0;0|0;0|0;0|10121;0|10121;0|10121;0|10121;0|10121;0|10121;0|10121;0|10121;0|10121;0|10121;0|10121;0|10121;0|10121;0|10121;0|10121;0|10121;0|10121;0|10121;0|10121;0|10121;0|10121;0|10121;0|10121;0|10121;0|10121;0|10121;0|10121;0|10121;0|10121;0|10121;0|10121;0|10121;0|10121;0|10121;0|10121;0|10121;0|10121;0|10121;0|10121;0|10121;0|10121;0|10121;0|10121;0|10121;0|10121;0|10121;0|10121;0|10121;0|10121;0|10121;0|10121;0|10121;0|10121;0|10121;0|10121;0|10121;0|10121;0|10121;0|10121;0|10121;0|10121;0|10121;0|10121;0|10121;0|10121;0|10121;0|10121;0|10121;0|10121;0|10121;0|10121;0|10121;0|10121;0|10121;0|10121;0|10121;0|10121;0|10121;0|10121;0|10121;0|10121;0|10121;0|10121;0|10121;0|10121;0|10121;0|10121;0|10121;0|10121;0|10121;0|10121;0|10121;0|10121;0|10121;0|10121;0|10121;0|10121;0|10121;0|10121;0|10121;0|10121;0|10121;0|10121;0|10121;0|10121;0|0;0|0;0|0;0|0;0|0;0|0;0|0;0|0;0|0;0|0;0|0;0|0;0|0;0|0;0|0;0|0;0|0;0|0;0|0;0|0;0|0;0|0;0|0;0|0;0|0;0|0;0|0;0|0;0|0;0|0;0|0;0|0;0|0;0|0;0|0;0|0;0|0;0|0;0|0;0
corn_harvestor_109,2,0;0|0;0|0;0|0;0|0;0|0;0|0;0|0;0|0;0|0;0|0;0|0;0|0;0|0;0|0;0|0;0|0;0|0;0|0;0|0;0|0;0|0;0|0;0|0;0|0;0|0;0|0;0|0;0|0;0|0;0|0;0|0;0|0;0|0;0|0;0|0;0|0;0|0;0|0;0|0;0|0;0|0;0|0;0|0;0|0;0|0;0|0;0|0;0|0;0|0;0|0;0|0;0|0;0|0;0|0;0|0;0|0;0|0;0|0;0|0;0|0;0|0;0|0;0|0;0|0;0|0;0|0;0|0;0|0;0|0;0|0;0|0;0|0;0|0;0|0;0|0;0|0;0|0;0|0;0|0;0|0;0|0;0|0;0|0;0|0;0|0;0|13077;0|13077;0|13077;0|13077;0|13077;0|13077;0|13077;0|13077;0|13077;0|13077;0|13077;0|13077;0|13077;0|13077;0|13077;0|13077;0|13077;0|13077;0|13077;0|13077;0|13077;0|13077;0|13077;0|13077;0|13077;0|13077;0|13077;0|13077;0|13077;0|13077;0|13077;0|13077;0|13077;0|13077;0|13077;0|13077;0|13077;0|13077;0|13077;0|13077;0|13077;0|13077;0|13077;0|13077;0|13077;0|13077;0|13077;0|13077;0|13077;0|13077;0|13077;0|13077;0|13077;0|13077;0|13077;0|13077;0|13077;0|13077;0|13077;0|13077;0|13077;0|13077;0|13077;0|13077;0|13077;0|13077;0|13077;0|13077;0|13077;0|13077;0|13077;0|13077;0|13077;0|13077;0|13077;0|13077;0|13077;0|13077;0|13077;0|13077;0|13077;0|13077;0|13077;0|13077;0|13077;0|13077;0|13077;0|13077;0|13077;0|13077;0|13077;0|13077;0|13077;0|13077;0|13077;0|13077;0|13077;0|13077;0|13077;0|13077;0|13077;0|13077;0|13077;0|13077;0|13077;0|13077;0|13077;0|13077;0|13077;0|13077;0|13077;0|13077;0|13077;0|13077;0|13077;0|13077;0|13077;0|13077;0|13077;0|13077;0|13077;0|13077;0|13077;0|13077;0|13077;0|13077;0|13077;0|13077;0|13077;0|13077;0|13077;0|13077;0|13077;0|13077;0|13077;0|13077;0|13077;0|13077;0|13077;0|13077;0|13077;0|13077;0|13077;0|13077;0|13077;0|13077;0|13077;0|13077;0|13077;0|13077;0|13077;0|13077;0|13077;0|13077;0|13077;0|13077;0|13077;0|13077;0|13077;0|13077;0|13077;0|13077;0|13077;0|13077;0|13077;0|13077;0|13077;0|13077;0|13077;0|13077;0|13077;0|13077;0|13077;0|0;0|0;0|0;0|0;0|0;0|0;0|0;0|0;0|0;0|0;0|0;0|0;0|0;0|0;0|0;0|0;0|0;0|0;0|0;0|0;0|0;0|0;0|0;0|0;0|0;0|0;0|0;0|0;0|0;0
paddy_harvestor_100,2,0;0|0;0|0;0|0;0|0;0|0;0|0;0|0;0|0;0|0;0|0;0|0;0|0;0|0;0|0;0|0;0|0;0|0;0|0;0|0;0|0;0|0;0|0;0|0;0|0;0|0;0|0;0|0;0|0;0|0;0|0;0|0;0|0;0|0;0|0;0|0;0|0;0|0;0|0;0|0;0|0;0|0;0|0;0|0;0|0;0|0;0|0;0|0;0|0;0|0;0|0;0|0;0|0;0|0;0|0;0|0;0|0;0|0;0|0;0|0;0|0;0|0;0|0;0|0;0|0;0|0;0|0;0|0;0|0;0|0;0|0;0|0;0|0;0|0;0|0;0|0;0|0;0|0;0|0;0|0;0|0;0|0;0|0;0|0;0|0;0|0;0|0;0|0;0|0;0|0;0|0;0|0;0|0;0|0;0|0;0|0;0|0;0|0;0|0;0|0;0|0;0|0;0|0;0|0;0|0;0|0;0|0;0|0;0|0;0|0;0|0;0|0;0|0;0|0;0|0;0|0;0|0;0|0;0|0;0|0;0|0;0|0;0|0;0|0;0|0;0|0;0|0;0|0;0|0;0|0;0|0;0|0;0|0;0|0;0|0;0|0;0|0;0|0;0|0;0|0;0|0;0|0;0|0;0|0;0|0;0|10306;0|10306;0|10306;0|10306;0|10306;0|10306;0|10306;0|10306;0|10306;0|10306;0|10306;0|10306;0|10306;0|10306;0|10306;0|10306;0|10306;0|10306;0|10306;0|10306;0|10306;0|10306;0|10306;0|10306;0|10306;0|10306;0|10306;0|10306;0|10306;0|10306;0|10306;0|10306;0|10306;0|10306;0|10306;0|10306;0|10306;0|10306;0|10306;0|10306;0|10306;0|10306;0|10306;0|10306;0|10306;0|10306;0|10306;0|10306;0|10306;0|10306;0|10306;0|10306;0|10306;0|10306;0|10306;0|10306;0|10306;0|10306;0|10306;0|10306;0|10306;0|10306;0|10306;0|10306;0|10306;0|10491;0|10491;0|10491;0|10491;0|10491;0|10491;0|10491;0|10491;0|10491;0|10306;0|10306;0|10306;0|10306;0|10306;0|10306;0|10306;0|10306;0|10306;0|10306;0|10306;0|10306;0|10306;0|10306;0|10306;0|10306;0|10306;0|10306;0|10306;0|10306;0|10306;0|10306;0|10306;0|10306;0|10306;0|10306;0|10306;0|10306;0|10306;0|10306;0|10306;0|10306;0|10306;0|10306;0|10491;0|10491;0|10491;0|0;0|0;0|0;0|0;0|0;0|0;0|0;0|0;0|0;0|0;0|0;0|0;0|0;0|0;0|0;0|0;0|0;0|0;0|0;0|0;0|0;0|0;0|0;0|0;0|0;0|0;0|0;0|0;0|0;0|0;0|0;0|0;0
corn_harvestor_103,2,0;0|0;0|0;0|0;0|0;0|0;0|0;0|0;0|0;0|0;0|0;0|0;0|0;0|0;0|0;0|0;0|0;0|0;0|0;0|0;0|0;0|0;0|0;0|0;0|0;0|0;0|0;0|0;0|0;0|16961;0|16961;0|16961;0|16961;0|16961;0|16961;0|16961;0|16961;0|16961;0|16961;0|16961;0|16961;0|16961;0|16961;0|16961;0|16961;0|16961;0|16961;0|16961;0|16961;0|16961;0|16961;0|16961;0|16961;0|16961;0|16961;0|16961;0|16961;0|16961;0|16961;0|16961;0|16961;0|16961;0|16961;0|16961;0|16961;0|16961;0|16961;0|16961;0|16961;0|16961;0|16961;0|16961;0|16961;0|16961;0|16961;0|16961;0|16961;0|16961;0|16961;0|16961;0|16961;0|16961;0|16961;0|16961;0|16961;0|16961;0|16961;0|16961;0|16961;0|16961;0|16961;0|16961;0|16961;0|16961;0|16961;0|16961;0|16961;0|16961;0|16961;0|16961;0|16961;0|16961;0|16961;0|16961;0|16961;0|16961;0|16961;0|16961;0|16961;0|16961;0|16961;0|16961;0|16961;0|16961;0|16961;0|16961;0|16961;0|16961;0|16961;0|16961;0|16961;0|16961;0|16961;0|16961;0|16961;0|16961;0|16961;0|16961;0|16961;0|16961;0|16961;0|16961;0|16961;0|16961;0|16961;0|16961;0|16961;0|16961;0|16961;0|16961;0|16961;0|16961;0|16961;0|16961;0|16961;0|16961;0|16961;0|16961;0|16961;0|16961;0|16961;0|16961;0|16961;0|16961;0|16961;0|16961;0|16961;0|16961;0|16961;0|16961;0|16961;0|16961;0|16961;0|16961;0|16961;0|16961;0|16961;0|16961;0|16961;0|16961;0|16961;0|16961;0|16961;0|16961;0|16961;0|16961;0|16961;0|16961;0|16961;0|16961;0|16961;0|16961;0|16961;0|16961;0|16961;0|16961;0|16961;0|16961;0|16961;0|16961;0|16961;0|16961;0|16961;0|16961;0|16961;0|16961;0|16961;0|16961;0|16961;0|16961;0|16961;0|16961;0|16961;0|16961;0|16961;0|16961;0|16961;0|16961;0|16961;0|16961;0|16961;0|16961;0|16961;0|16961;0|16961;0|16961;0|16961;0|16961;0|16961;0|16961;0|16961;0|16961;0|16961;0|16961;0|16961;0|16961;0|16961;0|16961;0|16961;0|16961;0|16961;0|16961;0|16961;0|16961;0|16961;0|16961;0|16961;0|16961;0|0;0|0;0|0;0|0;0|0;0|0;0|0;0|0;0|0;0|0;0|0;0|0;0|0;0|0;0|0;0|0;0|0;0|0;0|0;0|0;0|0;0|0;0|0;0|0;0|0;0|0;0|0;0|0;0|0;0|0;0|0;0|0;0|0;0|0;0|0;0|0;0|0;0|0;0|0;0|0;0|0;0|0;0|0;0|0;0|0;0|0;0|0;0|0;0|0;0|0;0
paddy_harvestor_74,2,0;0|0;0|0;0|0;0|0;0|0;0|0;0|0;0|0;0|0;0|0;0|0;0|0;0|0;0|0;0|0;0|0;0|0;0|0;0|0;0|0;0|0;0|0;0|0;0|0;0|0;0|0;0|0;0|0;0|0;0|0;0|0;0|0;0|0;0|0;0|0;0|0;0|0;0|0;0|0;0|0;0|0;0|0;0|0;0|0;0|0;0|0;0|0;0|0;0|0;0|0;0|0;0|0;0|0;0|0;0|0;0|0;0|0;0|0;0|0;0|0;0|0;0|0;0|0;0|0;0|0;0|0;0|0;0|0;0|0;0|0;0|0;0|0;0|0;0|0;0|0;0|0;0|0;0|0;0|0;0|0;0|0;0|0;0|0;0|0;0|0;0|0;0|0;0|0;0|0;0|0;0|0;0|0;0|0;0|0;0|0;0|0;0|0;0|0;0|0;0|0;0|0;0|0;0|0;0|0;0|0;0|0;0|0;0|0;0|0;0|0;0|0;0|0;0|0;0|0;0|0;0|0;0|0;0|0;0|0;0|0;0|0;0|0;0|0;0|0;0|0;0|0;0|0;0|0;0|0;0|0;0|0;0|0;0|0;0|0;0|0;0|0;0|0;0|0;0|0;0|0;0|0;0|0;0|0;0|10664;0|10664;0|10664;0|10664;0|10664;0|10664;0|10664;0|10664;0|10664;0|10664;0|10664;0|10664;0|10664;0|10664;0|10664;0|10664;0|10664;0|10664;0|10664;0|10664;0|10664;0|10664;0|10664;0|10664;0|10664;0|10664;0|10664;0|10664;0|10664;0|10664;0|10664;0|10664;0|10664;0|10664;0|10664;0|10664;0|10664;0|10664;0|10664;0|10664;0|10664;0|10664;0|10664;0|10664;0|10664;0|10664;0|10664;0|10664;0|10664;0|10664;0|10664;0|10664;0|10664;0|10664;0|10664;0|10664;0|10664;0|10664;0|10664;0|10664;0|10664;0|10664;0|10664;0|10664;0|10664;0|10664;0|10664;0|10664;0|10664;0|10664;0|10664;0|10664;0|10664;0|10664;0|10664;0|10664;0|10664;0|10664;0|10664;0|10664;0|10664;0|10664;0|10664;0|10664;0|10664;0|10664;0|10664;0|10664;0|10664;0|10664;0|10664;0|10664;0|10664;0|10664;0|10664;0|10664;0|10664;0|10664;0|10664;0|10664;0|10664;0|10664;0|10664;0|10664;0|10664;0|10664;0|10664;0|10664;0|10664;0|10664;0|10664;0|10664;0|10664;0|10664;0|10664;0|10664;0|10664;0|10664;0|10664;0|10664;0|10664;0|10664;0|10664;0|10664;0|10664;0|10664;0|10664;0|10664;0|10664;0|10664;0|10664;0|10664;0|10664;0|10664;0|10664;0|10664;0|10664;0|10664;0|10664;0|0;0|0;0|0;0|0;0|0;0
paddy_harvestor_5,2,0;0|0;0|0;0|0;0|0;0|0;0|0;0|0;0|0;0|0;0|0;0|0;0|0;0|0;0|0;0|0;0|0;0|0;0|0;0|0;0|0;0|0;0|0;0|0;0|0;0|0;0|0;0|0;0|0;0|0;0|0;0|0;0|0;0|0;0|0;0|0;0|0;0|0;0|0;0|0;0|0;0|0;0|0;0|0;0|0;0|0;0|0;0|0;0|0;0|0;0|0;0|0;0|0;0|0;0|0;0|0;0|0;0|0;0|0;0|0;0|0;0|0;0|0;0|0;0|0;0|0;0|0;0|0;0|0;0|0;0|0;0|0;0|0;0|0;0|0;0|0;0|0;0|0;0|0;0|0;0|0;0|0;0|0;0|0;0|0;0|0;0|0;0|0;0|0;0|0;0|0;0|0;0|0;0|0;0|0;0|0;0|0;0|0;0|0;0|0;0|0;0|0;0|0;0|0;0|0;0|0;0|0;0|0;0|0;0|0;0|0;0|0;0|0;0|0;0|0;0|0;0|0;0|0;0|0;0|0;0|0;0|0;0|0;0|0;0|0;0|0;0|0;0|0;0|0;0|0;0|0;0|0;0|0;0|0;0|0;0|0;0|0;0|0;0|0;0|0;0|0;0|0;0|0;0|0;0|7523;0|7523;0|7523;0|7523;0|7523;0|7523;0|7523;0|7523;0|7523;0|7523;0|7523;0|7523;0|7523;0|7523;0|7523;0|7523;0|7523;0|7523;0|7523;0|7523;0|7523;0|7523;0|7523;0|7523;0|7523;0|7523;0|7523;0|7523;0|7523;0|7523;0|7523;0|7523;0|7523;0|7523;0|7523;0|7523;0|7523;0|7523;0|7523;0|7523;0|7523;0|7523;0|7523;0|7523;0|7523;0|7523;0|7523;0|7523;0|7523;0|7523;0|7523;0|7523;0|7523;0|7523;0|7523;0|7523;0|7523;0|7523;0|7523;0|7523;0|7523;0|7523;0|7523;0|7523;0|7523;0|7523;0|7523;0|7523;0|7523;0|7523;0|7523;0|7523;0|7523;0|7523;0|7523;0|7523;0|7523;0|0;0|0;0|0;0|0;0|0;0|0;0|0;0|0;0|0;0|0;0|0;0|0;0|0;0|0;0|0;0|0;0|0;0|0;0|0;0|0;0|0;0|0;0|0;0|0;0|0;0|0;0|0;0|0;0|0;0|0;0|0;0|0;0|0;0|0;0|0;0|0;0|0;0|0;0|0;0|0;0|0;0|0;0|0;0|0;0|0;0|0;0|0;0|0;0|0;0|0;0|0;0|0;0|0;0|0;0|0;0|0;0|0;0|0;0|0;0|0;0|0;0|0;0|0;0|0;0|0;0|0;0|0;0
wheat_1_harvestor_143,2,0;0|0;0|0;0|0;0|0;0|0;0|0;0|0;0|0;0|0;0|0;0|0;0|0;0|0;0|0;0|0;0|0;0|0;0|0;0|0;0|0;0|0;0|0;0|0;0|0;0|0;0|0;0|0;0|0;0|0;0|0;0|0;0|0;0|0;0|0;0|0;0|0;0|0;0|0;0|0;0|0;0|0;0|0;0|0;0|0;0|0;0|0;0|0;0|0;0|0;0|0;0|0;0|0;0|0;0|0;0|0;0|0;0|0;0|0;0|0;0|0;0|0;0|0;0|0;0|0;0|0;0|0;0|0;0|0;0|0;0|0;0|0;0|0;0|0;0|0;0|0;0|0;0|0;0|0;0|0;0|0;0|0;0|0;0|0;0|0;0|0;0|0;0|0;0|11419;0|11419;0|11419;0|11419;0|11419;0|11419;0|11419;0|11419;0|11419;0|11419;0|11419;0|11419;0|11419;0|11419;0|11419;0|11419;0|11419;0|11419;0|11419;0|11419;0|11419;0|11419;0|11419;0|11419;0|11419;0|11419;0|11419;0|11419;0|11419;0|11419;0|11419;0|11419;0|11419;0|11419;0|11419;0|11419;0|11419;0|11419;0|11419;0|11419;0|11419;0|11419;0|11419;0|11419;0|11419;0|11419;0|11419;0|11419;0|11419;0|11419;0|11419;0|11419;0|11419;0|11419;0|11419;0|11419;0|11419;0|11419;0|11419;0|11419;0|11419;0|11419;0|11419;0|11419;0|11419;0|11419;0|11419;0|11419;0|11419;0|11419;0|11419;0|11419;0|11419;0|11419;0|11419;0|11419;0|11419;0|11419;0|11419;0|11419;0|11419;0|11419;0|11419;0|11419;0|11419;0|11419;0|11419;0|11419;0|11419;0|11419;0|11419;0|11419;0|11419;0|11419;0|11419;0|11419;0|11419;0|11419;0|11419;0|11419;0|11419;0|11419;0|11419;0|11419;0|11419;0|11419;0|11419;0|11419;0|11419;0|11419;0|11419;0|11419;0|11419;0|11419;0|11419;0|11419;0|11419;0|11419;0|11419;0|11419;0|11419;0|11419;0|11419;0|11419;0|11419;0|11419;0|11419;0|11419;0|11419;0|11419;0|11419;0|11419;0|11419;0|11419;0|11419;0|11419;0|11419;0|11419;0|11419;0|11419;0|11419;0|11419;0|11419;0|11419;0|11419;0|11419;0|11419;0|11419;0|11419;0|11419;0|11419;0|11419;0|11419;0|11419;0|11419;0|11419;0|11419;0|11419;0|11419;0|11419;0|11419;0|11419;0|11419;0|11419;0|11419;0|11419;0|11419;0|11419;0|11419;0|11419;0|11419;0|11419;0|11419;0|11419;0|11419;0|11419;0|11419;0|11419;0|11419;0|11419;0|11419;0|11419;0|11419;0|11419;0|11419;0|11419;0|11419;0|11419;0|0;0|0;0|0;0|0;0|0;0|0;0|0;0|0;0|0;0|0;0|0;0|0;0
paddy_harvestor_26,2,0;0|0;0|0;0|0;0|0;0|0;0|0;0|0;0|0;0|0;0|0;0|0;0|0;0|0;0|0;0|0;0|0;0|0;0|0;0|0;0|0;0|0;0|0;0|0;0|0;0|0;0|0;0|0;0|0;0|0;0|0;0|0;0|0;0|0;0|0;0|0;0|0;0|0;0|0;0|0;0|0;0|0;0|0;0|0;0|0;0|0;0|0;0|0;0|0;0|0;0|0;0|0;0|0;0|0;0|0;0|0;0|0;0|0;0|0;0|0;0|0;0|0;0|0;0|0;0|0;0|0;0|0;0|0;0|0;0|0;0|0;0|0;0|0;0|0;0|0;0|0;0|0;0|0;0|0;0|0;0|0;0|0;0|0;0|0;0|0;0|0;0|0;0|0;0|0;0|0;0|0;0|0;0|0;0|0;0|0;0|0;0|0;0|0;0|0;0|0;0|0;0|0;0|0;0|0;0|0;0|0;0|0;0|0;0|0;0|0;0|0;0|0;0|0;0|0;0|0;0|0;0|0;0|0;0|0;0|0;0|0;0|0;0|0;0|0;0|0;0|0;0|0;0|0;0|0;0|0;0|0;0|0;0|0;0|0;0|0;0|0;0|0;0|0;0|0;0|0;0|0;0|0;0|0;0|0;0|9002;0|9002;0|9002;0|9002;0|9002;0|9002;0|9002;0|9002;0|9002;0|9002;0|9002;0|9002;0|9002;0|9002;0|9002;0|9002;0|9002;0|9002;0|9002;0|9002;0|9002;0|9002;0|9002;0|9002;0|9002;0|9002;0|9002;0|9002;0|9002;0|9002;0|9002;0|9002;0|9002;0|9002;0|9002;0|9002;0|9002;0|9002;0|9002;0|9002;0|9002;0|9002;0|9002;0|9002;0|9002;0|9002;0|9002;0|9002;0|9002;0|9002;0|9002;0|9002;0|9002;0|9002;0|9002;0|9002;0|9002;0|9002;0|9002;0|9002;0|9002;0|9002;0|9002;0|9002;0|9002;0|9002;0|9002;0|9002;0|9002;0|9002;0|9002;0|9002;0|9002;0|9002;0|9002;0|9002;0|9002;0|9002;0|9002;0|9002;0|9002;0|9002;0|9002;0|9002;0|9002;0|9002;0|9002;0|9002;0|9002;0|9002;0|9002;0|9002;0|9002;0|9002;0|9002;0|9002;0|9002;0|9002;0|9002;0|9002;0|9002;0|9002;0|9002;0|9002;0|9002;0|9002;0|9002;0|0;0|0;0|0;0|0;0|0;0|0;0|0;0|0;0|0;0|0;0|0;0|0;0|0;0|0;0|0;0|0;0|0;0|0;0|0;0|0;0|0;0|0;0|0;0|0;0|0;0|0;0|0;0|0;0|0;0|0;0|0;0|0;0|0;0|0;0|0;0|0;0|0;0
paddy_harvestor_40,2,0;0|0;0|0;0|0;0|0;0|0;0|0;0|0;0|0;0|0;0|0;0|0;0|0;0|0;0|0;0|0;0|0;0|0;0|0;0|0;0|0;0|0;0|0;0|0;0|0;0|0;0|0;0|0;0|0;0|0;0|0;0|0;0|0;0|0;0|0;0|0;0|0;0|0;0|0;0|0;0|0;0|0;0|0;0|0;0|0;0|0;0|0;0|0;0|0;0|0;0|0;0|0;0|0;0|0;0|0;0|0;0|0;0|0;0|0;0|0;0|0;0|0;0|0;0|0;0|0;0|0;0|0;0|0;0|0;0|0;0|0;0|0;0|0;0|0;0|0;0|0;0|0;0|0;0|0;0|0;0|0;0|0;0|0;0|0;0|0;0|0;0|0;0|0;0|0;0|0;0|0;0|0;0|0;0|0;0|0;0|0;0|0;0|0;0|0;0|0;0|0;0|0;0|0;0|0;0|0;0|0;0|0;0|0;0|0;0|0;0|0;0|0;0|0;0|0;0|0;0|0;0|0;0|0;0|0;0|0;0|0;0|0;0|0;0|0;0|0;0|0;0|0;0|0;0|0;0|0;0|0;0|0;0|0;0|0;0|0;0|0;0|0;0|0;0|0;0|0;0|0;0|0;0|0;0|0;0|0;0|0;0|0;0|0;0|0;0|0;0|0;0|0;0|0;0|0;0|0;0|0;0|0;0|0;0|0;0|0;0|0;0|0;0|0;0|0;0|0;0|0;0|0;0|0;0|0;0|0;0|0;0|0;0|0;0|6775;0|6775;0|6775;0|6775;0|6775;0|6775;0|6775;0|6775;0|6775;0|6775;0|6775;0|6775;0|6775;0|6775;0|6775;0|6775;0|6775;0|6775;0|6775;0|6775;0|6775;0|6775;0|6775;0|6775;0|6775;0|6775;0|6775;0|6775;0|6775;0|6775;0|6775;0|6775;0|6775;0|6775;0|6775;0|6775;0|6775;0|6775;0|6775;0|6775;0|6775;0|6775;0|6775;0|6775;0|6775;0|6775;0|6776;0|6776;0|6776;0|6776;0|6776;0|6776;0|6776;0|6776;0|6776;0|6776;0|6776;0|6776;0|6776;0|6776;0|6776;0|6776;0|6776;0|6776;0|6776;0|6776;0|6776;0|6776;0|6776;0|6776;0|6776;0|6776;0|6776;0|6776;0|6776;0|6776;0|6776;0|6776;0|0;0|0;0|0;0|0;0|0;0|0;0|0;0|0;0|0;0|0;0|0;0|0;0|0;0|0;0|0;0|0;0|0;0|0;0|0;0|0;0|0;0|0;0|0;0|0;0|0;0|0;0|0;0|0;0|0;0|0;0|0;0|0;0|0;0|0;0|0;0|0;0|0;0
paddy_harvestor_90,3,0;0|0;0|0;0|0;0|0;0|0;0|0;0|0;0|0;0|0;0|0;0|0;0|0;0|0;0|0;0|0;0|0;0|0;0|0;0|0;0|0;0|0;0|0;0|0;0|0;0|0;0|0;0|0;0|0;0|0;0|0;0|0;0|0;0|0;0|0;0|0;0|0;0|0;0|0;0|0;0|0;0|0;0|0;0|0;0|0;0|0;0|0;0|0;0|0;0|0;0|0;0|0;0|0;0|0;0|0;0|0;0|0;0|0;0|0;0|0;0|0;0|0;0|0;0|0;0|0;0|0;0|0;0|0;0|0;0|0;0|0;0|0;0|0;0|0;0|0;0|0;0|0;0|0;0|0;0|0;0|0;0|0;0|0;0|0;0|0;0|0;0|0;0|0;0|0;0|0;0|0;0|0;0|0;0|0;0|0;0|0;0|0;0|0;0|0;0|0;0|0;0|0;0|0;0|0;0|0;0|0;0|0;0|0;0|0;0|0;0|0;0|0;0|0;0|0;0|0;0|0;0|0;0|0;0|0;0|0;0|0;0|0;0|0;0|0;0|0;0|0;0|0;0|0;0|0;0|0;0|0;0|0;0|0;0|0;0|0;0|0;0|0;0|0;0|0;0|0;0|0;0|0;0|0;0|0;0|7159;0|7159;0|7159;0|7159;0|7159;0|7159;0|7159;0|7159;0|7159;0|7159;0|7159;0|7159;0|7159;0|7159;0|7159;0|7159;0|7159;0|7159;0|7159;0|7159;0|7159;0|7159;0|7159;0|7159;0|7159;0|7159;0|7159;0|7159;0|7159;0|7159;0|7159;0|7159;0|7159;0|7159;0|7159;0|7159;0|7159;0|7159;0|7159;0|7159;0|7159;0|7159;0|7159;0|7159;0|7159;0|7159;0|7159;0|7159;0|7159;0|7159;0|7159;0|7159;0|7159;0|7159;0|7159;0|7159;0|7159;0|7159;0|7159;0|7159;0|7159;0|7159;0|7159;0|7159;0|7159;0|7159;0|7159;0|7159;0|7159;0|7159;0|7159;0|7159;0|7159;0|7159;0|7159;0|7159;0|7159;0|7159;0|7159;0|7159;0|7159;0|7159;0|7159;0|7159;0|7159;0|7159;0|7159;0|7159;0|7159;0|7159;0|7159;0|7159;0|7159;0|7159;0|7159;0|7159;0|7159;0|7159;0|7159;0|7159;0|7159;0|7159;0|7159;0|7159;0|7159;0|7159;0|7159;0|7159;0|7159;0|7159;0|7159;0|7159;0|7159;0|7159;0|7159;0|7159;0|7159;0|7159;0|7159;0|7159;0|7159;0|7159;0|7159;0|7159;0|7159;0|7159;0|7159;0|7159;0|0;0|0;0|0;0|0;0|0;0|0;0|0;0|0;0|0;0|0;0|0;0|0;0|0;0|0;0|0;0|0;0
paddy_harvestor_11,3,0;0|0;0|0;0|0;0|0;0|0;0|0;0|0;0|0;0|0;0|0;0|0;0|0;0|0;0|0;0|0;0|0;0|0;0|0;0|0;0|0;0|0;0|0;0|0;0|0;0|0;0|0;0|0;0|0;0|0;0|0;0|0;0|0;0|0;0|0;0|0;0|0;0|0;0|0;0|0;0|0;0|0;0|0;0|0;0|0;0|0;0|0;0|0;0|0;0|0;0|0;0|0;0|0;0|0;0|0;0|0;0|0;0|0;0|0;0|0;0|0;0|0;0|0;0|0;0|0;0|0;0|0;0|0;0|0;0|0;0|0;0|0;0|0;0|0;0|0;0|0;0|0;0|0;0|0;0|0;0|0;0|0;0|0;0|0;0|0;0|0;0|0;0|0;0|0;0|0;0|0;0|0;0|0;0|0;0|0;0|0;0|0;0|0;0|0;0|0;0|0;0|0;0|0;0|0;0|0;0|0;0|0;0|0;0|0;0|0;0|0;0|0;0|0;0|0;0|0;0|0;0|0;0|0;0|0;0|0;0|0;0|0;0|0;0|0;0|0;0|0;0|0;0|0;0|0;0|0;0|0;0|0;0|0;0|0;0|0;0|0;0|0;0|0;0|0;0|0;0|0;0|0;0|0;0|0;0|0;0|0;0|0;0|0;0|24213;0|24213;0|24213;0|24213;0|24213;0|24213;0|24213;0|24213;0|24213;0|24213;0|24213;0|24213;0|24213;0|24213;0|24213;0|24213;0|24213;0|24213;0|24213;0|24213;0|24213;0|24213;0|24213;0|24213;0|24213;0|0;0|0;0|0;0|0;0|0;0|0;0|0;0|0;0|0;0|0;0|0;0|0;0|0;0|0;0|0;0|0;0|0;0|0;0|0;0|0;0|0;0|0;0|0;0|0;0|0;0|0;0|0;0|0;0|0;0|0;0|0;0|0;0|0;0|0;0|0;0|0;0|0;0|0;0|0;0|0;0|0;0|0;0|0;0|0;0|0;0|0;0|0;0|0;0|0;0|0;0|0;0|0;0|0;0|0;0|0;0|0;0|0;0|0;0|0;0|0;0|0;0|0;0|0;0|0;0|0;0|0;0|0;0|0;0|0;0|0;0|0;0|0;0|0;0|0;0|0;0|0;0|0;0|0;0|0;0|0;0|0;0|0;0|0;0|0;0|0;0|0;0|0;0|0;0|0;0|0;0|0;0|0;0|0;0|0;0|0;0|0;0|0;0|0;0|0;0|0;0|0;0|0;0|0;0|0;0|0;0|0;0|0;0|0;0|0;0|0;0|0;0|0;0|0;0|0;0|0;0
corn_harvestor_11,3,0;0|0;0|0;0|0;0|0;0|0;0|0;0|0;0|0;0|0;0|0;0|0;0|0;0|0;0|0;0|0;0|0;0|0;0|0;0|0;0|0;0|0;0|0;0|0;0|0;0|0;0|0;0|0;0|0;0|0;0|0;0|0;0|0;0|0;0|0;0|0;0|0;0|0;0|0;0|0;0|0;0|0;0|0;0|0;0|0;0|0;0|0;0|0;0|0;0|0;0|0;0|0;0|0;0|0;0|0;0|0;0|0;0|0;0|0;0|0;0|0;0|0;0|0;0|0;0|0;0|0;0|0;0|0;0|0;0|0;0|0;0|0;0|0;0|0;0|0;0|0;0|0;0|0;0|0;0|0;0|0;0|0;0|0;0|0;0|0;0|0;0|0;0|0;0|15659;0|15659;0|15659;0|15659;0|15659;0|15659;0|15659;0|15659;0|15659;0|15659;0|15659;0|15659;0|15659;0|15659;0|15659;0|15659;0|15659;0|15659;0|15659;0|15659;0|15659;0|15659;0|15659;0|15659;0|15659;0|15659;0|15659;0|15659;0|15659;0|15659;0|15659;0|15659;0|15659;0|15659;0|15659;0|15659;0|15659;0|15659;0|15659;0|15659;0|15659;0|15659;0|15659;0|15659;0|15659;0|15659;0|15659;0|15659;0|15659;0|15659;0|15659;0|15659;0|15659;0|15659;0|15659;0|15659;0|15659;0|15659;0|15659;0|15659;0|15659;0|15659;0|15659;0|15659;0|15659;0|15659;0|15659;0|15659;0|15659;0|15659;0|15659;0|15659;0|15659;0|15659;0|15659;0|15659;0|15659;0|15659;0|15659;0|15659;0|15659;0|15659;0|15659;0|15659;0|15659;0|15659;0|15659;0|15659;0|15659;0|15659;0|15659;0|15659;0|15659;0|15659;0|15659;0|15659;0|15659;0|15659;0|15659;0|15659;0|15659;0|15659;0|15659;0|15659;0|15659;0|15659;0|15659;0|15659;0|15659;0|15659;0|15659;0|15659;0|15659;0|15659;0|15659;0|15659;0|15659;0|15659;0|15659;0|15659;0|15659;0|15659;0|15659;0|15659;0|15659;0|15659;0|15659;0|15659;0|15659;0|15659;0|15659;0|15659;0|15659;0|15659;0|15659;0|15659;0|15659;0|15659;0|15659;0|15659;0|15659;0|15659;0|15659;0|15659;0|15659;0|15659;0|15659;0|15659;0|15659;0|15659;0|15659;0|15659;0|15659;0|15659;0|15659;0|15659;0|15659;0|15659;0|15659;0|15659;0|15659;0|15659;0|15659;0|15659;0|15659;0|15659;0|15659;0|15659;0|15659;0|15659;0|15659;0|15659;0|15659;0|15659;0|15659;0|15659;0|15659;0|15659;0|15659;0|15659;0|15659;0|15659;0|15659;0|15659;0|15659;0|15659;0|15659;0|15659;0|15659;0|15659;0|0;0|0;0|0;0|0;0|0;0|0;0|0;0|0;0|0;0|0;0
paddy_harvestor_22,3,0;0|0;0|0;0|0;0|0;0|0;0|0;0|0;0|0;0|0;0|0;0|0;0|0;0|0;0|0;0|0;0|0;0|0;0|0;0|0;0|0;0|0;0|0;0|0;0|0;0|0;0|0;0|0;0|0;0|0;0|0;0|0;0|0;0|0;0|0;0|0;0|0;0|0;0|0;0|0;0|0;0|0;0|0;0|0;0|0;0|0;0|0;0|0;0|0;0|0;0|0;0|0;0|0;0|0;0|0;0|0;0|0;0|0;0|0;0|0;0|0;0|0;0|0;0|0;0|0;0|0;0|0;0|0;0|0;0|0;0|0;0|0;0|0;0|0;0|0;0|0;0|0;0|0;0|0;0|0;0|0;0|0;0|0;0|0;0|0;0|0;0|0;0|0;0|0;0|0;0|0;0|0;0|0;0|0;0|0;0|0;0|0;0|0;0|0;0|0;0|0;0|0;0|0;0|0;0|0;0|0;0|0;0|0;0|0;0|0;0|0;0|0;0|0;0|0;0|0;0|0;0|0;0|0;0|0;0|0;0|0;0|0;0|0;0|0;0|0;0|0;0|0;0|0;0|0;0|0;0|0;0|0;0|0;0|0;0|0;0|0;0|0;0|0;0|0;0|0;0|0;0|0;0|0;0|0;0|0;0|9750;0|9750;0|9750;0|9750;0|9750;0|9750;0|9750;0|9750;0|9750;0|9750;0|9750;0|9750;0|9750;0|9750;0|9750;0|9750;0|9750;0|9750;0|9750;0|9750;0|9750;0|9750;0|9750;0|9750;0|9750;0|9750;0|9750;0|9750;0|9750;0|9750;0|9750;0|9750;0|9750;0|9750;0|9750;0|9750;0|9750;0|9750;0|9750;0|9750;0|9750;0|9750;0|9750;0|9750;0|9750;0|9750;0|9750;0|9750;0|9750;0|9750;0|9750;0|9750;0|9750;0|9750;0|0;0|0;0|0;0|0;0|0;0|0;0|0;0|0;0|0;0|0;0|0;0|0;0|0;0|0;0|0;0|0;0|0;0|0;0|0;0|0;0|0;0|0;0|0;0|0;0|0;0|0;0|0;0|0;0|0;0|0;0|0;0|0;0|0;0|0;0|0;0|0;0|0;0|0;0|0;0|0;0|0;0|0;0|0;0|0;0|0;0|0;0|0;0|0;0|0;0|0;0|0;0|0;0|0;0|0;0|0;0|0;0|0;0|0;0|0;0|0;0|0;0|0;0|0;0|0;0|0;0|0;0|0;0|0;0|0;0|0;0|0;0|0;0|0;0|0;0|0;0|0;0|0;0|0;0|0;0|0;0|0;0|0;0|0;0|0;0|0;0|0;0|0;0|0;0|0;0
paddy_harvestor_50,3,0;0|0;0|0;0|0;0|0;0|0;0|0;0|0;0|0;0|0;0|0;0|0;0|0;0|0;0|0;0|0;0|0;0|0;0|0;0|0;0|0;0|0;0|0;0|0;0|0;0|0;0|0;0|0;0|0;0|0;0|0;0|0;0|0;0|0;0|0;0|0;0|0;0|0;0|0;0|0;0|0;0|0;0|0;0|0;0|0;0|0;0|0;0|0;0|0;0|0;0|0;0|0;0|0;0|0;0|0;0|0;0|0;0|0;0|0;0|0;0|0;0|0;0|0;0|0;0|0;0|0;0|0;0|0;0|0;0|0;0|0;0|0;0|0;0|0;0|0;0|0;0|0;0|0;0|0;0|0;0|0;0|0;0|0;0|0;0|0;0|0;0|0;0|0;0|0;0|0;0|0;0|0;0|0;0|0;0|0;0|0;0|0;0|0;0|0;0|0;0|0;0|0;0|0;0|0;0|0;0|0;0|0;0|0;0|0;0|0;0|0;0|0;0|0;0|0;0|0;0|0;0|0;0|0;0|0;0|0;0|0;0|0;0|0;0|0;0|0;0|0;0|0;0|0;0|0;0|0;0|0;0|0;0|0;0|0;0|0;0|0;0|0;0|0;0|0;0|0;0|0;0|0;0|0;0|0;0|9929;0|9929;0|9929;0|9929;0|9929;0|9929;0|9929;0|9929;0|9929;0|9929;0|9929;0|9929;0|9929;0|9929;0|9929;0|9929;0|9929;0|9929;0|9929;0|9929;0|9929;0|9929;0|9929;0|9929;0|9929;0|9929;0|9929;0|9929;0|9929;0|9929;0|9929;0|9929;0|9929;0|9929;0|9929;0|9929;0|9929;0|9929;0|9929;0|9929;0|9929;0|9929;0|9929;0|9929;0|9929;0|9929;0|9929;0|9929;0|9929;0|9929;0|9929;0|9929;0|9929;0|9929;0|9929;0|9929;0|9929;0|9929;0|9929;0|9929;0|9929;0|9929;0|9929;0|9929;0|9929;0|9929;0|9929;0|9929;0|9929;0|9929;0|9929;0|9929;0|9929;0|9929;0|9929;0|9929;0|9929;0|9929;0|9929;0|9929;0|9929;0|9929;0|9929;0|9929;0|9929;0|9929;0|9929;0|9929;0|9929;0|9929;0|9929;0|9929;0|9929;0|9929;0|9929;0|9929;0|9929;0|9929;0|9929;0|9929;0|9929;0|9929;0|9929;0|9929;0|9929;0|9929;0|9929;0|9929;0|9929;0|9929;0|9929;0|9929;0|9929;0|9929;0|9929;0|9929;0|9929;0|9929;0|9929;0|9929;0|9929;0|9929;0|9929;0|9929;0|9929;0|9929;0|9929;0|9929;0|9929;0|9929;0|9929;0|9929;0|9929;0|9929;0|9929;0|9929;0|9929;0|9929;0|9929;0|9929;0|9929;0|9929;0|9929;0|9929;0
paddy_harvestor_96,3,0;0|0;0|0;0|0;0|0;0|0;0|0;0|0;0|0;0|0;0|0;0|0;0|0;0|0;0|0;0|0;0|0;0|0;0|0;0|0;0|0;0|0;0|0;0|0;0|0;0|0;0|0;0|0;0|0;0|0;0|0;0|0;0|0;0|0;0|0;0|0;0|0;0|0;0|0;0|0;0|0;0|0;0|0;0|0;0|0;0|0;0|0;0|0;0|0;0|0;0|0;0|0;0|0;0|0;0|0;0|0;0|0;0|0;0|0;0|0;0|0;0|0;0|0;0|0;0|0;0|0;0|0;0|0;0|0;0|0;0|0;0|0;0|0;0|0;0|0;0|0;0|0;0|0;0|0;0|0;0|0;0|0;0|0;0|0;0|0;0|0;0|0;0|0;0|0;0|0;0|0;0|0;0|0;0|0;0|0;0|0;0|0;0|0;0|0;0|0;0|0;0|0;0|0;0|0;0|0;0|0;0|0;0|0;0|0;0|0;0|0;0|0;0|0;0|0;0|0;0|0;0|0;0|0;0|0;0|0;0|0;0|0;0|0;0|0;0|0;0|0;0|0;0|0;0|0;0|0;0|0;0|0;0|0;0|0;0|0;0|0;0|0;0|0;0|0;0|0;0|0;0|0;0|0;0|0;0|10304;0|10304;0|10304;0|10304;0|10304;0|10304;0|10304;0|10304;0|10304;0|10304;0|10304;0|10304;0|10304;0|10304;0|10304;0|10304;0|10304;0|10304;0|10304;0|10304;0|10304;0|10304;0|10304;0|10304;0|10304;0|10304;0|10304;0|10304;0|10304;0|10304;0|10304;0|10304;0|10304;0|10304;0|10304;0|10304;0|10304;0|10304;0|10304;0|10304;0|10304;0|10304;0|10304;0|10304;0|10304;0|10304;0|10304;0|10304;0|10304;0|10304;0|10304;0|10304;0|10304;0|10304;0|10304;0|10304;0|10304;0|10304;0|10304;0|10304;0|10304;0|10304;0|10304;0|10304;0|10304;0|10304;0|10304;0|10304;0|10304;0|10304;0|10304;0|10304;0|10304;0|10304;0|10304;0|10304;0|10304;0|10304;0|10304;0|10304;0|10304;0|10304;0|10304;0|10304;0|10304;0|10304;0|10304;0|10304;0|10304;0|10304;0|10304;0|10304;0|10304;0|10304;0|10304;0|10304;0|10304;0|10304;0|0;0|0;0|0;0|0;0|0;0|0;0|0;0|0;0|0;0|0;0|0;0|0;0|0;0|0;0|0;0|0;0|0;0|0;0|0;0|0;0|0;0|0;0|0;0|0;0|0;0|0;0|0;0|0;0|0;0|0;0|0;0|0;0|0;0|0;0|0;0|0;0|0;0|0;0|0;0|0;0|0;0|0;0|0;0|0;0|0;0|0;0
paddy_harvestor_17,3,0;0|0;0|0;0|0;0|0;0|0;0|0;0|0;0|0;0|0;0|0;0|0;0|0;0|0;0|0;0|0;0|0;0|0;0|0;0|0;0|0;0|0;0|0;0|0;0|0;0|0;0|0;0|0;0|0;0|0;0|0;0|0;0|0;0|0;0|0;0|0;0|0;0|0;0|0;0|0;0|0;0|0;0|0;0|0;0|0;0|0;0|0;0|0;0|0;0|0;0|0;0|0;0|0;0|0;0|0;0|0;0|0;0|0;0|0;0|0;0|0;0|0;0|0;0|0;0|0;0|0;0|0;0|0;0|0;0|0;0|0;0|0;0|0;0|0;0|0;0|0;0|0;0|0;0|0;0|0;0|0;0|0;0|0;0|0;0|0;0|0;0|0;0|0;0|0;0|0;0|0;0|0;0|0;0|0;0|0;0|0;0|0;0|0;0|0;0|0;0|0;0|0;0|0;0|0;0|0;0|0;0|0;0|0;0|0;0|0;0|0;0|0;0|0;0|0;0|0;0|0;0|0;0|0;0|0;0|0;0|0;0|0;0|0;0|0;0|0;0|0;0|0;0|0;0|0;0|0;0|0;0|0;0|0;0|0;0|0;0|0;0|0;0|0;0|0;0|0;0|0;0|0;0|0;0|0;0|7150;0|7150;0|7150;0|7150;0|7150;0|7150;0|7150;0|7150;0|7150;0|7150;0|7150;0|7150;0|7150;0|7150;0|7150;0|7150;0|7150;0|7150;0|7150;0|7150;0|7150;0|7150;0|7150;0|7150;0|7150;0|7150;0|7150;0|7150;0|7150;0|7150;0|7150;0|7150;0|7150;0|7150;0|7150;0|7150;0|7150;0|7150;0|7150;0|7150;0|7150;0|7150;0|7150;0|7150;0|7150;0|7150;0|7150;0|7150;0|7150;0|7150;0|7150;0|7150;0|7150;0|7150;0|7150;0|7150;0|7150;0|7150;0|7150;0|7150;0|7150;0|7150;0|7150;0|7150;0|7150;0|7150;0|7150;0|7150;0|7150;0|7150;0|7150;0|7150;0|7150;0|7150;0|7150;0|7150;0|7150;0|7150;0|7150;0|7150;0|7150;0|7150;0|7150;0|7150;0|7150;0|7150;0|7150;0|7150;0|7150;0|7150;0|7150;0|7150;0|7150;0|7150;0|7150;0|7150;0|7150;0|7150;0|7150;0|7150;0|7150;0|7150;0|7150;0|7150;0|7150;0|7150;0|7150;0|7150;0|7150;0|7150;0|7150;0|7150;0|7150;0|7150;0|7150;0|7150;0|7150;0|7150;0|7150;0|7150;0|7150;0|7150;0|7150;0|7150;0|7150;0|7150;0|7150;0|7150;0|7150;0|7150;0|7150;0|7150;0|7150;0|7150;0|7150;0|7150;0|7150;0|7150;0|7150;0|7150;0|7150;0|7150;0|7150;0|7150;0
paddy_harvestor_60,3,0;0|0;0|0;0|0;0|0;0|0;0|0;0|0;0|0;0|0;0|0;0|0;0|0;0|0;0|0;0|0;0|0;0|0;0|0;0|0;0|0;0|0;0|0;0|0;0|0;0|0;0|0;0|0;0|0;0|0;0|0;0|0;0|0;0|0;0|0;0|0;0|0;0|0;0|0;0|0;0|0;0|0;0|0;0|0;0|0;0|0;0|0;0|0;0|0;0|0;0|0;0|0;0|0;0|0;0|0;0|0;0|0;0|0;0|0;0|0;0|0;0|0;0|0;0|0;0|0;0|0;0|0;0|0;0|0;0|0;0|0;0|0;0|0;0|0;0|0;0|0;0|0;0|0;0|0;0|0;0|0;0|0;0|0;0|0;0|0;0|0;0|0;0|0;0|0;0|0;0|0;0|0;0|0;0|0;0|0;0|0;0|0;0|0;0|0;0|0;0|0;0|0;0|0;0|0;0|0;0|0;0|0;0|0;0|0;0|0;0|0;0|0;0|0;0|0;0|0;0|0;0|0;0|0;0|0;0|0;0|0;0|0;0|0;0|0;0|0;0|0;0|0;0|0;0|0;0|0;0|0;0|0;0|0;0|0;0|0;0|0;0|0;0|0;0|0;0|0;0|0;0|0;0|0;0|0;0|6038;0|6038;0|6038;0|6038;0|5853;0|5853;0|5853;0|5853;0|5853;0|5853;0|5853;0|5853;0|5853;0|5853;0|5853;0|5853;0|5853;0|5853;0|5853;0|5853;0|5853;0|5853;0|5853;0|5853;0|5853;0|5853;0|5853;0|5853;0|5853;0|5853;0|5853;0|5853;0|5853;0|5853;0|5853;0|5853;0|5853;0|5853;0|5853;0|5853;0|5853;0|5853;0|5853;0|5853;0|5853;0|5853;0|5853;0|5853;0|5853;0|5853;0|5853;0|5853;0|5853;0|5853;0|5853;0|5853;0|5853;0|5853;0|5853;0|5853;0|5853;0|5853;0|5853;0|5853;0|5853;0|5853;0|5853;0|5853;0|5853;0|5853;0|5853;0|5853;0|5853;0|5853;0|5853;0|5853;0|5853;0|5853;0|5853;0|5853;0|5853;0|5853;0|5853;0|5853;0|5853;0|5853;0|5853;0|5853;0|5853;0|5853;0|5853;0|5853;0|5853;0|5853;0|5853;0|5853;0|5853;0|5853;0|5853;0|5853;0|5853;0|5853;0|5853;0|5853;0|5853;0|5853;0|5853;0|5853;0|5853;0|5853;0|5853;0|5853;0|5853;0|5853;0|5853;0|5853;0|5853;0|5853;0|5853;0|5853;0|5853;0|5853;0|0;0|0;0|0;0|0;0|0;0|0;0|0;0|0;0|0;0|0;0|0;0|0;0|0;0|0;0|0;0|0;0|0;0|0;0|0;0|0;0|0;0|0;0
paddy_harvestor_3,3,0;0|0;0|0;0|0;0|0;0|0;0|0;0|0;0|0;0|0;0|0;0|0;0|0;0|0;0|0;0|0;0|0;0|0;0|0;0|0;0|0;0|0;0|0;0|0;0|0;0|0;0|0;0|0;0|0;0|0;0|0;0|0;0|0;0|0;0|0;0|0;0|0;0|0;0|0;0|0;0|0;0|0;0|0;0|0;0|0;0|0;0|0;0|0;0|0;0|0;0|0;0|0;0|0;0|0;0|0;0|0;0|0;0|0;0|0;0|0;0|0;0|0;0|0;0|0;0|0;0|0;0|0;0|0;0|0;0|0;0|0;0|0;0|0;0|0;0|0;0|0;0|0;0|0;0|0;0|0;0|0;0|0;0|0;0|0;0|0;0|0;0|0;0|0;0|0;0|0;0|0;0|0;0|0;0|0;0|0;0|0;0|0;0|0;0|0;0|0;0|0;0|0;0|0;0|0;0|0;0|0;0|0;0|0;0|0;0|0;0|0;0|0;0|0;0|0;0|0;0|0;0|0;0|0;0|0;0|0;0|0;0|0;0|0;0|0;0|0;0|0;0|0;0|0;0|0;0|0;0|0;0|0;0|0;0|0;0|0;0|0;0|0;0|0;0|0;0|0;0|0;0|0;0|0;0|0;0|6038;0|6038;0|6038;0|6038;0|6038;0|6038;0|6038;0|6038;0|6038;0|6038;0|6038;0|6038;0|6038;0|6038;0|6038;0|6038;0|6038;0|6038;0|6038;0|6038;0|6038;0|6038;0|6038;0|6038;0|6038;0|6038;0|6038;0|6038;0|6038;0|6038;0|6038;0|6038;0|6038;0|6038;0|6038;0|6038;0|6038;0|6038;0|6038;0|6038;0|6038;0|6038;0|6038;0|6038;0|6038;0|6038;0|6038;0|6038;0|6038;0|6038;0|6038;0|6038;0|6038;0|6038;0|6038;0|6038;0|6038;0|6038;0|6038;0|6038;0|6038;0|6038;0|6038;0|6038;0|6038;0|6038;0|6038;0|6038;0|6038;0|6038;0|6038;0|6038;0|6038;0|6038;0|6038;0|6038;0|6038;0|6038;0|6038;0|6038;0|6038;0|6038;0|6038;0|6038;0|6038;0|6038;0|6038;0|6038;0|6038;0|6038;0|6038;0|6038;0|6038;0|6038;0|6038;0|6038;0|6038;0|6038;0|6038;0|6038;0|6038;0|6038;0|6038;0|6038;0|6038;0|6038;0|6038;0|6038;0|6038;0|6038;0|6038;0|6038;0|6038;0|6038;0|6038;0|6038;0|6038;0|6038;0|6038;0|6038;0|6038;0|6038;0|6038;0|6038;0|6038;0|6038;0|6038;0|6038;0|6038;0|6038;0|6038;0|6038;0|6038;0|6038;0|6038;0|6038;0|6038;0|6038;0|6038;0|6038;0|6038;0|6038;0|6038;0|6038;0
wheat_1_harvestor_125,3,0;0|0;0|0;0|0;0|0;0|0;0|0;0|0;0|0;0|0;0|0;0|0;0|0;0|0;0|0;0|0;0|0;0|0;0|0;0|0;0|0;0|0;0|0;0|0;0|0;0|0;0|0;0|0;0|0;0|0;0|0;0|0;0|0;0|0;0|0;0|0;0|0;0|0;0|0;0|0;0|0;0|0;0|0;0|0;0|0;0|0;0|0;0|0;0|0;0|0;0|0;0|0;0|0;0|0;0|0;0|0;0|0;0|0;0|0;0|0;0|0;0|0;0|0;0|0;0|0;0|0;0|0;0|0;0|0;0|0;0|0;0|0;0|0;0|0;0|0;0|0;0|0;0|0;0|0;0|0;0|0;0|0;0|0;0|0;0|0;0|0;0|0;0|0;0|13644;0|13644;0|13644;0|13644;0|13644;0|13644;0|13644;0|13644;0|13644;0|13644;0|13644;0|13644;0|13644;0|13644;0|13644;0|13644;0|13644;0|13644;0|13644;0|13644;0|13644;0|13644;0|13644;0|13644;0|13644;0|13644;0|13644;0|13644;0|13644;0|13644;0|13644;0|13644;0|13644;0|13644;0|13644;0|13644;0|13644;0|13644;0|13644;0|13644;0|13644;0|13644;0|13644;0|13644;0|13644;0|13644;0|13644;0|13644;0|13644;0|13644;0|13644;0|13644;0|13644;0|13644;0|13644;0|13644;0|13644;0|13644;0|13644;0|13644;0|13644;0|13644;0|13644;0|13644;0|13644;0|13644;0|13644;0|13644;0|13644;0|13644;0|13644;0|13644;0|13644;0|13644;0|13644;0|13644;0|13644;0|13644;0|13644;0|13644;0|13644;0|13644;0|13644;0|13644;0|13644;0|13644;0|13644;0|13644;0|13644;0|13644;0|13644;0|13644;0|13644;0|13644;0|13644;0|13644;0|13644;0|13644;0|13644;0|13644;0|13644;0|13644;0|13644;0|13644;0|13644;0|13644;0|13644;0|13644;0|13644;0|13644;0|13644;0|13644;0|13644;0|13644;0|13644;0|13644;0|13644;0|13644;0|13644;0|13644;0|13644;0|13644;0|13644;0|13644;0|13644;0|13644;0|13644;0|13644;0|13644;0|13644;0|13644;0|13644;0|13644;0|13644;0|13644;0|13644;0|13644;0|13644;0|13644;0|13644;0|13644;0|13644;0|13644;0|0;0|0;0|0;0|0;0|0;0|0;0|0;0|0;0|0;0|0;0|0;0|0;0|0;0|0;0|0;0|0;0|0;0|0;0|0;0|0;0|0;0|0;0|0;0|0;0|0;0|0;0|0;0|0;0|0;0|0;0|0;0|0;0|0;0|0;0|0;0|0;0|0;0|0;0|0;0|0;0|0;0|0;0|0;0|0;0|0;0|0;0|0;0|0;0|0;0|0;0|0;0|0;0|0;0|0;0|0;0|0;0|0;0
paddy_harvestor_16,3,0;0|0;0|0;0|0;0|0;0|0;0|0;0|0;0|0;0|0;0|0;0|0;0|0;0|0;0|0;0|0;0|0;0|0;0|0;0|0;0|0;0|0;0|0;0|0;0|0;0|0;0|0;0|0;0|0;0|0;0|0;0|0;0|0;0|0;0|0;0|0;0|0;0|0;0|0;0|0;0|0;0|0;0|0;0|0;0|0;0|0;0|0;0|0;0|0;0|0;0|0;0|0;0|0;0|0;0|0;0|0;0|0;0|0;0|0;0|0;0|0;0|0;0|0;0|0;0|0;0|0;0|0;0|0;0|0;0|0;0|0;0|0;0|0;0|0;0|0;0|0;0|0;0|0;0|0;0|0;0|0;0|0;0|0;0|0;0|0;0|0;0|0;0|0;0|0;0|0;0|0;0|0;0|0;0|0;0|0;0|0;0|0;0|0;0|0;0|0;0|0;0|0;0|0;0|0;0|0;0|0;0|0;0|0;0|0;0|0;0|0;0|0;0|0;0|0;0|0;0|0;0|0;0|0;0|0;0|0;0|0;0|0;0|0;0|0;0|0;0|0;0|0;0|0;0|0;0|0;0|0;0|0;0|0;0|0;0|0;0|0;0|0;0|0;0|0;0|0;0|0;0|0;0|0;0|0;0|8445;0|8445;0|8445;0|8445;0|8445;0|8445;0|8445;0|8445;0|8445;0|8445;0|8445;0|8445;0|8445;0|8445;0|8445;0|8445;0|8445;0|8445;0|8445;0|8445;0|8445;0|8445;0|8445;0|8445;0|8445;0|8445;0|8445;0|8445;0|8445;0|8445;0|8445;0|8445;0|8445;0|8445;0|8445;0|8445;0|8445;0|8445;0|8445;0|8445;0|8445;0|8445;0|8445;0|8445;0|8445;0|8445;0|8445;0|8445;0|8445;0|8445;0|8445;0|8445;0|8445;0|8445;0|8445;0|8445;0|8445;0|8445;0|8445;0|8445;0|8445;0|8445;0|8445;0|8445;0|8445;0|8445;0|8445;0|8445;0|8445;0|8445;0|8445;0|0;0|0;0|0;0|0;0|0;0|0;0|0;0|0;0|0;0|0;0|0;0|0;0|0;0|0;0|0;0|0;0|0;0|0;0|0;0|0;0|0;0|0;0|0;0|0;0|0;0|0;0|0;0|0;0|0;0|0;0|0;0|0;0|0;0|0;0|0;0|0;0|0;0|0;0|0;0|0;0|0;0|0;0|0;0|0;0|0;0|0;0|0;0|0;0|0;0|0;0|0;0|0;0|0;0|0;0|0;0|0;0|0;0|0;0|0;0|0;0|0;0|0;0|0;0|0;0|0;0|0;0|0;0|0;0|0;0|0;0|0;0|0;0|0;0
paddy_harvestor_85,3,0;0|0;0|0;0|0;0|0;0|0;0|0;0|0;0|0;0|0;0|0;0|0;0|0;0|0;0|0;0|0;0|0;0|0;0|0;0|0;0|0;0|0;0|0;0|0;0|0;0|0;0|0;0|0;0|0;0|0;0|0;0|0;0|0;0|0;0|0;0|0;0|0;0|0;0|0;0|0;0|0;0|0;0|0;0|0;0|0;0|0;0|0;0|0;0|0;0|0;0|0;0|0;0|0;0|0;0|0;0|0;0|0;0|0;0|0;0|0;0|0;0|0;0|0;0|0;0|0;0|0;0|0;0|0;0|0;0|0;0|0;0|0;0|0;0|0;0|0;0|0;0|0;0|0;0|0;0|0;0|0;0|0;0|0;0|0;0|0;0|0;0|0;0|0;0|0;0|0;0|0;0|0;0|0;0|0;0|0;0|0;0|0;0|0;0|0;0|0;0|0;0|0;0|0;0|0;0|0;0|0;0|0;0|0;0|0;0|0;0|0;0|0;0|0;0|0;0|0;0|0;0|0;0|0;0|0;0|0;0|0;0|0;0|0;0|0;0|0;0|0;0|0;0|0;0|0;0|0;0|0;0|0;0|0;0|0;0|0;0|0;0|0;0|0;0|0;0|0;0|0;0|0;0|0;0|0;0|8277;0|8277;0|8277;0|8277;0|8277;0|8277;0|8277;0|8277;0|8277;0|8277;0|8277;0|8277;0|8277;0|8277;0|8277;0|8277;0|8277;0|8277;0|8277;0|8277;0|8277;0|8277;0|8277;0|8277;0|8277;0|8277;0|8277;0|8277;0|8277;0|8277;0|8277;0|8277;0|8277;0|8277;0|8277;0|8277;0|8277;0|8277;0|8277;0|8277;0|8277;0|8277;0|8277;0|8277;0|8277;0|8277;0|8277;0|8277;0|8277;0|8277;0|8277;0|8277;0|8277;0|8277;0|8277;0|8277;0|8277;0|8277;0|8277;0|8277;0|8277;0|8277;0|8277;0|8277;0|8277;0|8277;0|8277;0|8277;0|8277;0|8277;0|8277;0|8277;0|8277;0|8277;0|8277;0|8277;0|8277;0|8277;0|0;0|0;0|0;0|0;0|0;0|0;0|0;0|0;0|0;0|0;0|0;0|0;0|0;0|0;0|0;0|0;0|0;0|0;0|0;0|0;0|0;0|0;0|0;0|0;0|0;0|0;0|0;0|0;0|0;0|0;0|0;0|0;0|0;0|0;0|0;0|0;0|0;0|0;0|0;0|0;0|0;0|0;0|0;0|0;0|0;0|0;0|0;0|0;0|0;0|0;0|0;0|0;0|0;0|0;0|0;0|0;0|0;0|0;0|0;0|0;0|0;0|0;0|0;0|0;0|0;0|0;0
paddy_harvestor_25,3,0;0|0;0|0;0|0;0|0;0|0;0|0;0|0;0|0;0|0;0|0;0|0;0|0;0|0;0|0;0|0;0|0;0|0;0|0;0|0;0|0;0|0;0|0;0|0;0|0;0|0;0|0;0|0;0|0;0|0;0|0;0|0;0|0;0|0;0|0;0|0;0|0;0|0;0|0;0|0;0|0;0|0;0|0;0|0;0|0;0|0;0|0;0|0;0|0;0|0;0|0;0|0;0|0;0|0;0|0;0|0;0|0;0|0;0|0;0|0;0|0;0|0;0|0;0|0;0|0;0|0;0|0;0|0;0|0;0|0;0|0;0|0;0|0;0|0;0|0;0|0;0|0;0|0;0|0;0|0;0|0;0|0;0|0;0|0;0|0;0|0;0|0;0|0;0|0;0|0;0|0;0|0;0|0;0|0;0|0;0|0;0|0;0|0;0|0;0|0;0|0;0|0;0|0;0|0;0|0;0|0;0|0;0|0;0|0;0|0;0|0;0|0;0|0;0|0;0|0;0|0;0|0;0|0;0|0;0|0;0|0;0|0;0|0;0|0;0|0;0|0;0|0;0|0;0|0;0|0;0|0;0|0;0|0;0|0;0|0;0|0;0|0;0|0;0|0;0|0;0|0;0|0;0|0;0|0;0|3827;0|3827;0|3827;0|3827;0|3827;0|3827;0|3827;0|3827;0|3827;0|3827;0|3827;0|3827;0|3827;0|3827;0|3827;0|3827;0|3827;0|3827;0|3827;0|3827;0|3827;0|3827;0|3827;0|3827;0|3827;0|3827;0|3827;0|3827;0|3827;0|3827;0|3827;0|3827;0|3827;0|3827;0|3827;0|3827;0|3827;0|3827;0|3827;0|3827;0|3827;0|3827;0|3827;0|3827;0|3827;0|3827;0|3827;0|3827;0|3827;0|3827;0|3827;0|3827;0|3827;0|3827;0|3827;0|3827;0|3827;0|3827;0|3827;0|3827;0|3827;0|3827;0|3827;0|3827;0|3827;0|3827;0|0;0|0;0|0;0|0;0|0;0|0;0|0;0|0;0|0;0|0;0|0;0|0;0|0;0|0;0|0;0|0;0|0;0|0;0|0;0|0;0|0;0|0;0|0;0|0;0|0;0|0;0|0;0|0;0|0;0|0;0|0;0|0;0|0;0|0;0|0;0|0;0|0;0|0;0|0;0|0;0|0;0|0;0|0;0|0;0|0;0|0;0|0;0|0;0|0;0|0;0|0;0|0;0|0;0|0;0|0;0|0;0|0;0|0;0|0;0|0;0|0;0|0;0|0;0|0;0|0;0|0;0|0;0|0;0|0;0|0;0|0;0|0;0|0;0|0;0|0;0|0;0|0;0|0;0
paddy_harvestor_80,3,0;0|0;0|0;0|0;0|0;0|0;0|0;0|0;0|0;0|0;0|0;0|0;0|0;0|0;0|0;0|0;0|0;0|0;0|0;0|0;0|0;0|0;0|0;0|0;0|0;0|0;0|0;0|0;0|0;0|0;0|0;0|0;0|0;0|0;0|0;0|0;0|0;0|0;0|0;0|0;0|0;0|0;0|0;0|0;0|0;0|0;0|0;0|0;0|0;0|0;0|0;0|0;0|0;0|0;0|0;0|0;0|0;0|0;0|0;0|0;0|0;0|0;0|0;0|0;0|0;0|0;0|0;0|0;0|0;0|0;0|0;0|0;0|0;0|0;0|0;0|0;0|0;0|0;0|0;0|0;0|0;0|0;0|0;0|0;0|0;0|0;0|0;0|0;0|0;0|0;0|0;0|0;0|0;0|0;0|0;0|0;0|0;0|0;0|0;0|0;0|0;0|0;0|0;0|0;0|0;0|0;0|0;0|0;0|0;0|0;0|0;0|0;0|0;0|0;0|0;0|0;0|0;0|0;0|0;0|0;0|0;0|0;0|0;0|0;0|0;0|0;0|0;0|0;0|0;0|0;0|0;0|0;0|0;0|0;0|0;0|0;0|0;0|0;0|0;0|0;0|0;0|0;0|0;0|0;0|5297;0|5297;0|5297;0|5297;0|5297;0|5297;0|5297;0|5297;0|5297;0|5297;0|5297;0|5297;0|5297;0|5297;0|5297;0|5297;0|5297;0|5297;0|5297;0|5297;0|5297;0|5297;0|5297;0|5297;0|5297;0|5297;0|5297;0|5297;0|5297;0|5297;0|5297;0|5297;0|5297;0|5297;0|5297;0|5297;0|5297;0|5297;0|5297;0|5297;0|5297;0|5297;0|5297;0|5297;0|5297;0|5297;0|5297;0|5297;0|5297;0|5297;0|5297;0|5297;0|5297;0|5297;0|5297;0|5297;0|5297;0|5297;0|5297;0|5297;0|5297;0|5297;0|5297;0|5297;0|5297;0|5297;0|5297;0|5297;0|5297;0|5297;0|5297;0|5297;0|5297;0|5297;0|5297;0|5297;0|5297;0|5297;0|5297;0|5297;0|5297;0|5297;0|5297;0|5297;0|5297;0|5297;0|5297;0|5297;0|5297;0|5297;0|5297;0|5297;0|5297;0|5297;0|5297;0|5297;0|5297;0|5297;0|5297;0|5297;0|5297;0|5297;0|5297;0|5297;0|5297;0|5297;0|5297;0|5297;0|5297;0|5297;0|5297;0|5297;0|5297;0|5297;0|5297;0|5297;0|5297;0|5297;0|5297;0|5297;0|5297;0|5297;0|0;0|0;0|0;0|0;0|0;0|0;0|0;0|0;0|0;0|0;0|0;0|0;0|0;0|0;0|0;0|0;0|0;0|0;0|0;0|0;0|0;0|0;0
wheat_1_harvestor_145,3,0;0|0;0|0;0|0;0|0;0|0;0|0;0|0;0|0;0|0;0|0;0|0;0|0;0|0;0|0;0|0;0|0;0|0;0|0;0|0;0|0;0|0;0|0;0|0;0|0;0|0;0|0;0|0;0|0;0|0;0|0;0|0;0|0;0|0;0|0;0|0;0|0;0|0;0|0;0|0;0|0;0|0;0|0;0|0;0|0;0|0;0|0;0|0;0|0;0|0;0|0;0|0;0|0;0|0;0|0;0|0;0|0;0|0;0|0;0|0;0|0;0|0;0|0;0|0;0|0;0|0;0|0;0|0;0|0;0|0;0|0;0|0;0|0;0|0;0|0;0|0;0|0;0|0;0|0;0|0;0|0;0|0;0|0;0|0;0|0;0|0;0|0;0|0;0|0;0|0;0|0;0|13644;0|13644;0|13644;0|13644;0|13644;0|13644;0|13644;0|13644;0|13644;0|13644;0|13644;0|13644;0|13644;0|13644;0|13644;0|13644;0|13644;0|13644;0|13644;0|13644;0|13644;0|13644;0|13644;0|13644;0|13644;0|13644;0|13644;0|13644;0|13644;0|13644;0|13644;0|13644;0|13644;0|13644;0|13644;0|13644;0|13644;0|13644;0|13644;0|13644;0|13644;0|13644;0|13644;0|13644;0|13644;0|13644;0|0;0|0;0|0;0|0;0|0;0|0;0|0;0|0;0|0;0|0;0|0;0|0;0|0;0|0;0|0;0|0;0|0;0|0;0|0;0|0;0|0;0|0;0|0;0|0;0|0;0|0;0|0;0|0;0|0;0|0;0|0;0|0;0|0;0|0;0|0;0|0;0|0;0|0;0|0;0|0;0|0;0|0;0|0;0|0;0|0;0|0;0|0;0|0;0|0;0|0;0|0;0|0;0|0;0|0;0|0;0|0;0|0;0|0;0|0;0|0;0|0;0|0;0|0;0|0;0|0;0|0;0|0;0|0;0|0;0|0;0|0;0|0;0|0;0|0;0|0;0|0;0|0;0|0;0|0;0|0;0|0;0|0;0|0;0|0;0|0;0|0;0|0;0|0;0|0;0|0;0|0;0|0;0|0;0|0;0|0;0|0;0|0;0|0;0|0;0|0;0|0;0|0;0|0;0|0;0|0;0|0;0|0;0|0;0|0;0|0;0|0;0|0;0|0;0|0;0|0;0|0;0|0;0|0;0|0;0|0;0|0;0|0;0|0;0|0;0|0;0|0;0|0;0|0;0|0;0|0;0|0;0|0;0|0;0|0;0|0;0|0;0|0;0|0;0|0;0|0;0|0;0|0;0|0;0|0;0|0;0|0;0|0;0|0;0|0;0|0;0|0;0
paddy_harvestor_72,3,0;0|0;0|0;0|0;0|0;0|0;0|0;0|0;0|0;0|0;0|0;0|0;0|0;0|0;0|0;0|0;0|0;0|0;0|0;0|0;0|0;0|0;0|0;0|0;0|0;0|0;0|0;0|0;0|0;0|0;0|0;0|0;0|0;0|0;0|0;0|0;0|0;0|0;0|0;0|0;0|0;0|0;0|0;0|0;0|0;0|0;0|0;0|0;0|0;0|0;0|0;0|0;0|0;0|0;0|0;0|0;0|0;0|0;0|0;0|0;0|0;0|0;0|0;0|0;0|0;0|0;0|0;0|0;0|0;0|0;0|0;0|0;0|0;0|0;0|0;0|0;0|0;0|0;0|0;0|0;0|0;0|0;0|0;0|0;0|0;0|0;0|0;0|0;0|0;0|0;0|0;0|0;0|0;0|0;0|0;0|0;0|0;0|0;0|0;0|0;0|0;0|0;0|0;0|0;0|0;0|0;0|0;0|0;0|0;0|0;0|0;0|0;0|0;0|0;0|0;0|0;0|0;0|0;0|0;0|0;0|0;0|0;0|0;0|0;0|0;0|0;0|0;0|0;0|0;0|0;0|0;0|0;0|0;0|0;0|0;0|0;0|0;0|0;0|0;0|0;0|0;0|0;0|0;0|0;0|0;0|0;0|4928;0|4928;0|4928;0|4928;0|4928;0|4928;0|4928;0|4928;0|4928;0|4928;0|4928;0|4928;0|4928;0|4928;0|4928;0|4928;0|4928;0|4928;0|4928;0|4928;0|4928;0|4928;0|4928;0|4928;0|4928;0|4928;0|4928;0|4928;0|4928;0|4928;0|4928;0|4928;0|4928;0|4928;0|4928;0|4928;0|4928;0|4928;0|4928;0|4928;0|4928;0|4928;0|4928;0|4928;0|4928;0|4928;0|4928;0|4928;0|4928;0|4928;0|4928;0|4928;0|4928;0|4928;0|4928;0|4928;0|4928;0|4928;0|4928;0|4928;0|4928;0|4928;0|4928;0|4928;0|4928;0|4928;0|4928;0|4928;0|4928;0|4928;0|0;0|0;0|0;0|0;0|0;0|0;0|0;0|0;0|0;0|0;0|0;0|0;0|0;0|0;0|0;0|0;0|0;0|0;0|0;0|0;0|0;0|0;0|0;0|0;0|0;0|0;0|0;0|0;0|0;0|0;0|0;0|0;0|0;0|0;0|0;0|0;0|0;0|0;0|0;0|0;0|0;0|0;0|0;0|0;0|0;0|0;0|0;0|0;0|0;0|0;0|0;0|0;0|0;0|0;0|0;0|0;0|0;0|0;0|0;0|0;0|0;0|0;0|0;0|0;0|0;0|0;0|0;0|0;0|0;0|0;0|0;0|0;0
corn_harvestor_116,3,0;0|0;0|0;0|0;0|0;0|0;0|0;0|0;0|0;0|0;0|0;0|0;0|0;0|0;0|0;0|0;0|0;0|0;0|0;0|0;0|0;0|0;0|0;0|0;0|0;0|0;0|0;0|0;0|0;0|0;0|0;0|0;0|0;0|0;0|0;0|0;0|0;0|0;0|0;0|0;0|0;0|0;0|0;0|0;0|0;0|0;0|0;0|0;0|0;0|0;0|0;0|0;0|0;0|0;0|0;0|0;0|0;0|0;0|0;0|0;0|0;0|0;0|0;0|0;0|0;0|0;0|0;0|0;0|0;0|0;0|0;0|0;0|0;0|0;0|0;0|0;0|0;0|0;0|0;0|0;0|0;0|0;0|0;0|0;0|0;0|0;0|0;0|0;0|0;0|0;0|0;0|0;0|0;0|0;0|0;0|0;0|0;0|0;0|0;0|0;0|0;0|0;0|0;0|0;0|16598;0|16598;0|16598;0|16598;0|16598;0|16598;0|16598;0|16598;0|16598;0|16598;0|16598;0|16598;0|16598;0|16598;0|16598;0|16598;0|16598;0|16598;0|16598;0|16598;0|16598;0|16598;0|16598;0|16598;0|16598;0|16598;0|16598;0|16598;0|16598;0|16598;0|16598;0|16598;0|16598;0|16598;0|16598;0|16598;0|16598;0|16598;0|16598;0|16598;0|16598;0|16598;0|16598;0|16598;0|16598;0|16598;0|16598;0|16598;0|16598;0|16598;0|16598;0|16598;0|16598;0|16598;0|16598;0|16598;0|16598;0|16598;0|16598;0|16598;0|16598;0|16598;0|16598;0|16598;0|16598;0|16598;0|16598;0|16598;0|16598;0|16598;0|16598;0|16598;0|16598;0|16598;0|16598;0|16598;0|16598;0|16598;0|16598;0|16598;0|16598;0|16598;0|16598;0|16598;0|16598;0|16598;0|16598;0|16598;0|16598;0|16598;0|16598;0|16598;0|16598;0|16598;0|16598;0|16598;0|16598;0|16598;0|16598;0|16598;0|16598;0|16598;0|16598;0|16598;0|16598;0|16598;0|16598;0|16598;0|16598;0|16598;0|16598;0|16598;0|16598;0|16598;0|16598;0|16598;0|16598;0|16598;0|16598;0|16598;0|16598;0|16598;0|16598;0|16598;0|16598;0|16598;0|16598;0|16598;0|16598;0|16598;0|16598;0|16598;0|16598;0|16598;0|16598;0|16598;0|16598;0|16598;0|16598;0|16598;0|16598;0|0;0|0;0|0;0|0;0|0;0|0;0|0;0|0;0|0;0|0;0|0;0|0;0|0;0|0;0|0;0|0;0|0;0|0;0|0;0|0;0|0;0|0;0|0;0|0;0|0;0|0;0|0;0|0;0|0;0|0;0|0;0|0;0|0;0|0;0|0;0|0;0|0;0|0;0|0;0|0;0|0;0|0;0|0;0
corn_harvestor_104,3,0;0|0;0|0;0|0;0|0;0|0;0|0;0|0;0|0;0|0;0|0;0|0;0|0;0|0;0|0;0|0;0|0;0|0;0|0;0|0;0|0;0|0;0|0;0|0;0|0;0|0;0|0;0|0;0|0;0|0;0|0;0|0;0|0;0|0;0|0;0|0;0|0;0|0;0|0;0|0;0|0;0|0;0|0;0|0;0|0;0|0;0|0;0|0;0|0;0|0;0|0;0|0;0|0;0|0;0|0;0|0;0|0;0|0;0|0;0|0;0|0;0|0;0|0;0|0;0|0;0|0;0|0;0|0;0|22897;0|22897;0|22897;0|22897;0|22897;0|22897;0|22712;0|22712;0|22712;0|22712;0|22712;0|22712;0|22712;0|22712;0|22712;0|22712;0|22712;0|22712;0|22712;0|22712;0|22712;0|22712;0|22712;0|22712;0|22712;0|22712;0|22712;0|22712;0|22712;0|22712;0|22712;0|22712;0|22712;0|22712;0|22712;0|22712;0|22712;0|22712;0|22712;0|22712;0|22712;0|22712;0|22712;0|22712;0|22712;0|22712;0|22712;0|22712;0|22712;0|22712;0|22712;0|22712;0|22712;0|22712;0|22712;0|22712;0|22712;0|22712;0|22712;0|22712;0|22712;0|22712;0|22712;0|22712;0|22712;0|22712;0|22897;0|22897;0|22897;0|22897;0|22897;0|22897;0|22897;0|22897;0|22897;0|22897;0|22897;0|22897;0|22897;0|22897;0|22897;0|22897;0|22897;0|22897;0|22897;0|22897;0|22897;0|22897;0|22897;0|22897;0|22897;0|22897;0|22897;0|22897;0|22897;0|22897;0|22897;0|22897;0|22897;0|22897;0|22897;0|22897;0|22897;0|22897;0|22897;0|22897;0|22897;0|22897;0|22897;0|22897;0|22897;0|22897;0|22712;0|22712;0|22712;0|22712;0|22712;0|22712;0|22712;0|22712;0|22712;0|22712;0|22712;0|22712;0|22712;0|22712;0|22712;0|22712;0|22712;0|22712;0|22712;0|22712;0|22712;0|22712;0|22712;0|22712;0|22712;0|22712;0|22712;0|22712;0|22712;0|22712;0|22712;0|22712;0|22712;0|22712;0|22712;0|22712;0|22712;0|22712;0|22712;0|22712;0|22712;0|22712;0|22712;0|0;0|0;0|0;0|0;0|0;0|0;0|0;0|0;0|0;0|0;0|0;0|0;0|0;0|0;0|0;0|0;0|0;0|0;0|0;0|0;0|0;0|0;0|0;0|0;0|0;0|0;0|0;0|0;0|0;0|0;0|0;0|0;0|0;0|0;0|0;0|0;0|0;0|0;0|0;0|0;0|0;0|0;0|0;0|0;0|0;0|0;0|0;0|0;0|0;0|0;0|0;0|0;0|0;0|0;0|0;0|0;0|0;0|0;0|0;0|0;0|0;0|0;0|0;0|0;0|0;0
paddy_harvestor_58,3,0;0|0;0|0;0|0;0|0;0|0;0|0;0|0;0|0;0|0;0|0;0|0;0|0;0|0;0|0;0|0;0|0;0|0;0|0;0|0;0|0;0|0;0|0;0|0;0|0;0|0;0|0;0|0;0|0;0|0;0|0;0|0;0|0;0|0;0|0;0|0;0|0;0|0;0|0;0|0;0|0;0|0;0|0;0|0;0|0;0|0;0|0;0|0;0|0;0|0;0|0;0|0;0|0;0|0;0|0;0|0;0|0;0|0;0|0;0|0;0|0;0|0;0|0;0|0;0|0;0|0;0|0;0|0;0|0;0|0;0|0;0|0;0|0;0|0;0|0;0|0;0|0;0|0;0|0;0|0;0|0;0|0;0|0;0|0;0|0;0|0;0|0;0|0;0|0;0|0;0|0;0|0;0|0;0|0;0|0;0|0;0|0;0|0;0|0;0|0;0|0;0|0;0|0;0|0;0|0;0|0;0|0;0|0;0|0;0|0;0|0;0|0;0|0;0|0;0|0;0|0;0|0;0|0;0|0;0|0;0|0;0|0;0|0;0|0;0|0;0|0;0|0;0|0;0|0;0|0;0|0;0|0;0|0;0|0;0|0;0|0;0|0;0|0;0|0;0|0;0|0;0|0;0|0;0|0;0|0;0|0;0|0;0|0;0|0;0|0;0|0;0|0;0|0;0|0;0|0;0|0;0|0;0|0;0|0;0|0;0|0;0|0;0|0;0|0;0|9746;0|9746;0|9746;0|9746;0|9746;0|9746;0|9746;0|9746;0|9746;0|9746;0|9746;0|9746;0|9746;0|9746;0|9746;0|9746;0|9746;0|9746;0|9746;0|9746;0|9746;0|9746;0|9746;0|9746;0|9746;0|9746;0|9746;0|9746;0|9746;0|9746;0|9746;0|9746;0|9746;0|9746;0|9746;0|9746;0|9746;0|9746;0|9746;0|9746;0|9746;0|9746;0|9746;0|9746;0|9746;0|9746;0|9746;0|9746;0|9746;0|9746;0|9746;0|9746;0|9746;0|9746;0|9746;0|9746;0|9746;0|9746;0|9746;0|9746;0|9746;0|9746;0|9746;0|9746;0|9746;0|9746;0|9746;0|9746;0|9746;0|9746;0|9746;0|9746;0|9746;0|9746;0|9746;0|9746;0|9746;0|9746;0|9746;0|9746;0|9746;0|9746;0|9746;0|9746;0|9746;0|9746;0|9746;0|9746;0|9746;0|9746;0|9746;0|9746;0|9746;0|9746;0|9746;0|9746;0|0;0|0;0|0;0|0;0|0;0|0;0|0;0|0;0|0;0|0;0|0;0|0;0|0;0|0;0|0;0|0;0|0;0|0;0|0;0|0;0|0;0|0;0|0;0|0;0|0;0|0;0|0;0|0;0
wheat_1_harvestor_123,3,0;0|0;0|0;0|0;0|0;0|0;0|0;0|0;0|0;0|0;0|0;0|0;0|0;0|0;0|0;0|0;0|0;0|0;0|0;0|0;0|0;0|0;0|0;0|0;0|0;0|0;0|0;0|0;0|0;0|0;0|0;0|0;0|0;0|0;0|0;0|0;0|0;0|0;0|0;0|0;0|0;0|0;0|0;0|0;0|0;0|0;0|0;0|0;0|0;0|0;0|0;0|0;0|0;0|0;0|0;0|0;0|0;0|0;0|0;0|0;0|0;0|0;0|0;0|0;0|0;0|0;0|0;0|0;0|0;0|0;0|0;0|0;0|0;0|0;0|0;0|0;0|0;0|0;0|0;0|0;0|0;0|0;0|0;0|0;0|12346;0|12346;0|12346;0|12346;0|12346;0|12346;0|12346;0|12346;0|12346;0|12346;0|12346;0|12346;0|12346;0|12346;0|12346;0|12346;0|12346;0|12346;0|12346;0|12346;0|12346;0|12346;0|12346;0|12346;0|12346;0|12346;0|12346;0|12346;0|12346;0|12346;0|12346;0|12346;0|12346;0|12346;0|12346;0|12346;0|12346;0|12346;0|12346;0|12346;0|12346;0|12346;0|12346;0|12346;0|12346;0|12346;0|12346;0|12346;0|12346;0|12346;0|12346;0|12346;0|12346;0|12346;0|12346;0|12346;0|12346;0|12346;0|12346;0|12346;0|12346;0|12346;0|12346;0|12346;0|12346;0|12346;0|12346;0|12346;0|12346;0|12346;0|12346;0|12346;0|12346;0|12346;0|12346;0|12346;0|12346;0|12346;0|12346;0|12346;0|12346;0|12346;0|12346;0|12346;0|12346;0|12346;0|12346;0|12346;0|12346;0|12346;0|12346;0|12346;0|12346;0|12346;0|12346;0|12346;0|12346;0|12346;0|12346;0|12346;0|12346;0|12346;0|12346;0|12346;0|12346;0|12346;0|12346;0|12346;0|12346;0|12346;0|12346;0|12346;0|12346;0|12346;0|12346;0|12346;0|12346;0|12346;0|12346;0|12346;0|12346;0|12346;0|12346;0|12346;0|12346;0|12346;0|12346;0|12346;0|12346;0|12346;0|12346;0|12346;0|12346;0|12346;0|12346;0|12346;0|12346;0|12346;0|12346;0|12346;0|12346;0|12346;0|12346;0|12346;0|12346;0|12346;0|12346;0|12346;0|12346;0|12346;0|12346;0|12346;0|12346;0|12346;0|12346;0|12346;0|12346;0|12346;0|12346;0|12346;0|12346;0|12346;0|12346;0|12346;0|12346;0|12346;0|12346;0|12346;0|12346;0|12346;0|12346;0|12346;0|12346;0|12346;0|12346;0|12346;0|12346;0|12346;0|12346;0|12346;0|12346;0|12346;0|12346;0|12346;0|12346;0|12346;0|12346;0|12346;0|12346;0|12346;0|12346;0|12346;0|12346;0|12346;0|12346;0|12346;0|12346;0|12346;0|12346;0|12346;0|12346;0|0;0|0;0|0;0
paddy_harvestor_68,3,0;0|0;0|0;0|0;0|0;0|0;0|0;0|0;0|0;0|0;0|0;0|0;0|0;0|0;0|0;0|0;0|0;0|0;0|0;0|0;0|0;0|0;0|0;0|0;0|0;0|0;0|0;0|0;0|0;0|0;0|0;0|0;0|0;0|0;0|0;0|0;0|0;0|0;0|0;0|0;0|0;0|0;0|0;0|0;0|0;0|0;0|0;0|0;0|0;0|0;0|0;0|0;0|0;0|0;0|0;0|0;0|0;0|0;0|0;0|0;0|0;0|0;0|0;0|0;0|0;0|0;0|0;0|0;0|0;0|0;0|0;0|0;0|0;0|0;0|0;0|0;0|0;0|0;0|0;0|0;0|0;0|0;0|0;0|0;0|0;0|0;0|0;0|0;0|0;0|0;0|0;0|0;0|0;0|0;0|0;0|0;0|0;0|0;0|0;0|0;0|0;0|0;0|0;0|0;0|0;0|0;0|0;0|0;0|0;0|0;0|0;0|0;0|0;0|0;0|0;0|0;0|0;0|0;0|0;0|0;0|0;0|0;0|0;0|0;0|0;0|0;0|0;0|0;0|0;0|0;0|0;0|0;0|0;0|0;0|0;0|0;0|0;0|0;0|0;0|0;0|0;0|0;0|0;0|0;0|0;0|0;0|0;0|0;0|0;0|0;0|0;0|0;0|0;0|0;0|0;0|0;0|0;0|0;0|0;0|0;0|0;0|0;0|0;0|0;0|0;0|0;0|0;0|0;0|0;0|0;0|0;0|0;0|0;0|10681;0|10681;0|10681;0|10681;0|10681;0|10681;0|10681;0|10681;0|10681;0|10681;0|10681;0|10681;0|10681;0|10681;0|10681;0|10681;0|10681;0|10681;0|10681;0|10681;0|10681;0|10681;0|10681;0|10681;0|10681;0|10681;0|10681;0|10681;0|10681;0|10681;0|10681;0|10681;0|10681;0|10681;0|10681;0|10681;0|10681;0|10681;0|10681;0|10681;0|10681;0|10681;0|10681;0|10681;0|10681;0|10681;0|10681;0|10681;0|10681;0|0;0|0;0|0;0|0;0|0;0|0;0|0;0|0;0|0;0|0;0|0;0|0;0|0;0|0;0|0;0|0;0|0;0|0;0|0;0|0;0|0;0|0;0|0;0|0;0|0;0|0;0|0;0|0;0|0;0|0;0|0;0|0;0|0;0|0;0|0;0|0;0|0;0|0;0|0;0|0;0|0;0|0;0|0;0|0;0|0;0|0;0|0;0|0;0|0;0|0;0|0;0|0;0|0;0|0;0|0;0|0;0|0;0|0;0|0;0|0;0|0;0|0;0|0;0|0;0|0;0|0;0
wheat_1_harvestor_128,3,0;0|0;0|0;0|0;0|0;0|0;0|0;0|0;0|0;0|0;0|0;0|0;0|0;0|0;0|0;0|0;0|0;0|0;0|0;0|0;0|0;0|0;0|0;0|0;0|0;0|0;0|0;0|0;0|0;0|0;0|0;0|0;0|0;0|0;0|0;0|0;0|0;0|0;0|0;0|0;0|0;0|0;0|0;0|0;0|0;0|0;0|0;0|0;0|0;0|0;0|0;0|0;0|0;0|0;0|0;0|0;0|0;0|0;0|0;0|0;0|0;0|0;0|0;0|0;0|0;0|0;0|0;0|0;0|0;0|0;0|0;0|0;0|0;0|0;0|0;0|0;0|0;0|0;0|0;0|0;0|0;0|0;0|0;0|0;0|0;0|0;0|0;0|0;0|0;0|0;0|0;0|0;0|0;0|0;0|0;0|0;0|0;0|0;0|0;0|0;0|0;0|0;0|0;0|0;0|0;0|0;0|0;0|0;0|0;0|0;0|0;0|0;0|0;0|0;0|0;0|0;0|0;0|0;0|0;0|0;0|0;0|0;0|0;0|0;0|0;0|0;0|0;0|0;0|0;0|0;0|0;0|0;0|0;0|0;0|0;0|0;0|0;0|0;0|0;0|0;0|0;0|0;0|0;0|0;0|0;0|0;0|0;0|0;0|0;0|0;0|0;0|0;0|0;0|0;0|0;0|0;0|0;0|0;0|0;0|0;0|0;0|0;0|0;0|0;0|0;0|0;0|0;0|0;0|0;0|0;0|0;0|0;0|0;0|0;0|0;0|0;0|0;0|0;0|0;0|0;0|0;0|0;0|0;0|0;0|0;0|0;0|0;0|0;0|0;0|0;0|0;0|0;0|0;0|0;0|0;0|0;0|0;0|0;0|0;0|0;0|0;0|0;0|0;0|0;0|0;0|0;0|0;0|0;0|0;0|0;0|0;0|0;0|0;0|0;0|0;0|0;0|0;0|0;0|0;0|0;0|19796;0|19796;0|19796;0|19796;0|19796;0|19796;0|19796;0|19796;0|19796;0|19796;0|19796;0|19796;0|19796;0|19796;0|19796;0|19796;0|19796;0|19796;0|19796;0|19796;0|19796;0|19796;0|19796;0|19796;0|19796;0|19796;0|19796;0|19796;0|19796;0|19796;0|19796;0|19796;0|19796;0|19796;0|19796;0|19796;0|19796;0|19796;0|19796;0|19796;0|19796;0|19796;0|19796;0|19796;0|19796;0|19796;0|19796;0|19796;0|19796;0|19796;0|19796;0|19796;0|19796;0|19796;0|19796;0|19796;0|19796;0|19796;0|19796;0|19796;0|19796;0|19796;0|19796;0|19796;0|19796;0|19796;0|19796;0|19796;0
corn_harvestor_100,3,0;0|0;0|0;0|0;0|0;0|0;0|0;0|0;0|0;0|0;0|0;0|0;0|0;0|0;0|0;0|0;0|0;0|0;0|0;0|0;0|0;0|0;0|0;0|0;0|0;0|0;0|0;0|0;0|0;0|0;0|0;0|0;0|0;0|0;0|0;0|0;0|0;0|0;0|0;0|0;0|0;0|0;0|0;0|0;0|0;0|0;0|0;0|0;0|0;0|0;0|0;0|0;0|0;0|0;0|0;0|0;0|0;0|0;0|0;0|0;0|0;0|0;0|0;0|0;0|0;0|0;0|0;0|0;0|0;0|0;0|0;0|0;0|0;0|0;0|0;0|0;0|0;0|0;0|0;0|0;0|0;0|0;0|0;0|0;0|0;0|0;0|0;0|0;0|0;0|0;0|0;0|0;0|0;0|0;0|0;0|0;0|0;0|0;0|0;0|15286;0|15286;0|15286;0|15286;0|15286;0|15286;0|15286;0|15286;0|15286;0|15286;0|15286;0|15286;0|15286;0|15286;0|15286;0|15286;0|15286;0|15286;0|15286;0|15286;0|15286;0|15286;0|15286;0|15286;0|15286;0|15286;0|15286;0|15286;0|15286;0|15286;0|15286;0|15286;0|15286;0|15286;0|15286;0|15286;0|15286;0|15286;0|15286;0|15286;0|15286;0|15286;0|15286;0|15286;0|15286;0|15286;0|15286;0|15286;0|15286;0|15286;0|15286;0|15286;0|15286;0|15286;0|15286;0|15286;0|15286;0|15286;0|15286;0|15286;0|15286;0|15286;0|15286;0|15286;0|15286;0|15286;0|15286;0|15286;0|15286;0|15286;0|15286;0|15286;0|15286;0|15286;0|15286;0|15286;0|15286;0|15286;0|15286;0|15286;0|15286;0|15286;0|15286;0|15286;0|15286;0|15286;0|15286;0|15286;0|15286;0|15286;0|15286;0|15286;0|15286;0|15286;0|15286;0|15286;0|15286;0|15286;0|15286;0|15286;0|15286;0|15286;0|15286;0|15286;0|15286;0|15286;0|15286;0|15286;0|15286;0|15286;0|15286;0|15286;0|15286;0|15286;0|15286;0|15286;0|15286;0|15286;0|15286;0|15286;0|15286;0|15286;0|15286;0|15286;0|0;0|0;0|0;0|0;0|0;0|0;0|0;0|0;0|0;0|0;0|0;0|0;0|0;0|0;0|0;0|0;0|0;0|0;0|0;0|0;0|0;0|0;0|0;0|0;0|0;0|0;0|0;0|0;0|0;0|0;0|0;0|0;0|0;0|0;0|0;0|0;0|0;0|0;0|0;0|0;0|0;0|0;0|0;0|0;0|0;0|0;0|0;0|0;0|0;0|0;0|0;0|0;0|0;0|0;0|0;0|0;0|0;0|0;0|0;0|0;0|0;0|0;0|0;0|0;0|0;0
paddy_harvestor_84,3,0;0|0;0|0;0|0;0|0;0|0;0|0;0|0;0|0;0|0;0|0;0|0;0|0;0|0;0|0;0|0;0|0;0|0;0|0;0|0;0|0;0|0;0|0;0|0;0|0;0|0;0|0;0|0;0|0;0|0;0|0;0|0;0|0;0|0;0|0;0|0;0|0;0|0;0|0;0|0;0|0;0|0;0|0;0|0;0|0;0|0;0|0;0|0;0|0;0|0;0|0;0|0;0|0;0|0;0|0;0|0;0|0;0|0;0|0;0|0;0|0;0|0;0|0;0|0;0|0;0|0;0|0;0|0;0|0;0|0;0|0;0|0;0|0;0|0;0|0;0|0;0|0;0|0;0|0;0|0;0|0;0|0;0|0;0|0;0|0;0|0;0|0;0|0;0|0;0|0;0|0;0|0;0|0;0|0;0|0;0|0;0|0;0|0;0|0;0|0;0|0;0|0;0|0;0|0;0|0;0|0;0|0;0|0;0|0;0|0;0|0;0|0;0|0;0|0;0|0;0|0;0|0;0|0;0|0;0|0;0|0;0|0;0|0;0|0;0|0;0|0;0|0;0|0;0|0;0|0;0|0;0|0;0|0;0|0;0|0;0|0;0|0;0|0;0|0;0|0;0|0;0|0;0|0;0|0;0|0;0|0;0|0;0|0;0|0;0|0;0|0;0|0;0|0;0|0;0|0;0|0;0|0;0|0;0|0;0|0;0|0;0|0;0|0;0|0;0|0;0|0;0|11047;0|11047;0|11047;0|11047;0|11047;0|11047;0|11047;0|11047;0|11047;0|11047;0|11047;0|11047;0|11047;0|11047;0|11047;0|11047;0|11047;0|11047;0|11047;0|11047;0|11047;0|11047;0|11047;0|11047;0|11047;0|11047;0|11047;0|11047;0|11047;0|11047;0|11047;0|11047;0|11047;0|11047;0|11047;0|11047;0|11047;0|11047;0|11047;0|11047;0|11047;0|11047;0|11047;0|11047;0|11047;0|11047;0|11047;0|11047;0|11047;0|11047;0|11047;0|11047;0|11047;0|11047;0|11047;0|11047;0|11047;0|11047;0|11047;0|11047;0|11047;0|11047;0|11047;0|11047;0|11047;0|11047;0|11047;0|11047;0|11047;0|11047;0|11047;0|11047;0|0;0|0;0|0;0|0;0|0;0|0;0|0;0|0;0|0;0|0;0|0;0|0;0|0;0|0;0|0;0|0;0|0;0|0;0|0;0|0;0|0;0|0;0|0;0|0;0|0;0|0;0|0;0|0;0|0;0|0;0|0;0|0;0|0;0|0;0|0;0|0;0|0;0|0;0|0;0|0;0|0;0|0;0|0;0|0;0|0;0|0;0|0;0|0;0|0;0|0;0
paddy_harvestor_57,3,0;0|0;0|0;0|0;0|0;0|0;0|0;0|0;0|0;0|0;0|0;0|0;0|0;0|0;0|0;0|0;0|0;0|0;0|0;0|0;0|0;0|0;0|0;0|0;0|0;0|0;0|0;0|0;0|0;0|0;0|0;0|0;0|0;0|0;0|0;0|0;0|0;0|0;0|0;0|0;0|0;0|0;0|0;0|0;0|0;0|0;0|0;0|0;0|0;0|0;0|0;0|0;0|0;0|0;0|0;0|0;0|0;0|0;0|0;0|0;0|0;0|0;0|0;0|0;0|0;0|0;0|0;0|0;0|0;0|0;0|0;0|0;0|0;0|0;0|0;0|0;0|0;0|0;0|0;0|0;0|0;0|0;0|0;0|0;0|0;0|0;0|0;0|0;0|0;0|0;0|0;0|0;0|0;0|0;0|0;0|0;0|0;0|0;0|0;0|0;0|0;0|0;0|0;0|0;0|0;0|0;0|0;0|0;0|0;0|0;0|0;0|0;0|0;0|0;0|0;0|0;0|0;0|0;0|0;0|0;0|0;0|0;0|0;0|0;0|0;0|0;0|0;0|0;0|0;0|0;0|0;0|0;0|0;0|0;0|0;0|0;0|0;0|0;0|0;0|0;0|0;0|0;0|0;0|0;0|0;0|0;0|0;0|0;0|0;0|0;0|0;0|0;0|0;0|0;0|0;0|0;0|0;0|0;0|0;0|0;0|0;0|0;0|0;0|0;0|0;0|0;0|0;0|0;0|0;0|0;0|0;0|0;0|0;0|6775;0|6775;0|6775;0|6775;0|6775;0|6775;0|6775;0|6775;0|6775;0|6775;0|6775;0|6775;0|6775;0|6775;0|6775;0|6775;0|6775;0|6775;0|6775;0|6775;0|6775;0|6775;0|6775;0|6775;0|6775;0|6775;0|6775;0|6775;0|6775;0|6775;0|6775;0|6775;0|6775;0|6775;0|6775;0|6775;0|6775;0|6775;0|6775;0|6775;0|6775;0|6775;0|6775;0|6775;0|6775;0|6775;0|6776;0|6776;0|6776;0|6776;0|6776;0|6776;0|6776;0|6776;0|6776;0|6776;0|6776;0|6776;0|6776;0|6776;0|6776;0|6776;0|6776;0|6776;0|6776;0|6776;0|6776;0|6776;0|6776;0|6776;0|6776;0|6776;0|6776;0|6776;0|6776;0|6776;0|6776;0|6776;0|0;0|0;0|0;0|0;0|0;0|0;0|0;0|0;0|0;0|0;0|0;0|0;0|0;0|0;0|0;0|0;0|0;0|0;0|0;0|0;0|0;0|0;0|0;0|0;0|0;0|0;0|0;0|0;0|0;0|0;0|0;0|0;0|0;0|0;0|0;0|0;0|0;0
